lat,lon,id
34.14606761,-118.1430157,1
34.14663132,-118.1428589,2
34.14669334,-118.1428583,3
34.14675178,-118.1428598,4
34.14671819,-118.1430233,5
34.14665081,-118.1430239,6
34.14659237,-118.1430231,7
34.14653393,-118.1430251,8
34.1464579,-118.1430207,9
34.14643364,-118.1428564,10
34.14638534,-118.1428556,11
34.14640125,-118.1430199,12
34.14615009,-118.1428552,13
34.14240113,-118.1429901,14
34.14264174,-118.1429912,15
34.14286447,-118.1429959,16
34.14291455,-118.1429981,17
34.14298253,-118.1430004,18
34.1430842,-118.143002,19
34.14404966,-118.1430022,20
34.14411048,-118.1430052,21
34.14421245,-118.1430082,22
34.14426433,-118.143009,23
34.14432098,-118.1430106,24
34.14434147,-118.142827,25
34.14302806,-118.1428226,26
34.14310558,-118.1428263,27
34.14317804,-118.1428207,28
34.14324781,-118.1428194,29
34.14347263,-118.1428176,30
34.14387872,-118.1428248,31
34.14381372,-118.1428254,32
34.14374932,-118.1428224,33
34.14368671,-118.1428216,34
34.14358325,-118.1428207,35
34.1480743,-118.1444744,36
34.14810516,-118.144104,37
34.14716819,-118.1444668,38
34.14718355,-118.1440924,39
34.14637817,-118.1443736,40
34.1463969,-118.1441699,41
34.14793791,-118.1460769,42
34.14806105,-118.1460757,43
34.14812605,-118.1460779,44
34.14853512,-118.1460801,45
34.14859297,-118.1460802,46
34.14865677,-118.146081,47
34.14871909,-118.1460833,48
34.14687558,-118.1463013,49
34.14687787,-118.1463788,50
34.1468754,-118.1464491,51
34.14687589,-118.1465351,52
34.14687402,-118.1466054,53
34.14687373,-118.1468439,54
34.14687483,-118.1469164,55
34.14686773,-118.1473571,56
34.14686765,-118.1474281,57
34.14385278,-118.1460723,58
34.14379493,-118.1460722,59
34.14373172,-118.1460721,60
34.14366434,-118.1460698,61
34.14359994,-118.1460697,62
34.14328717,-118.1460677,63
34.14321591,-118.1460633,64
34.14315151,-118.1460646,65
34.14308889,-118.1460645,66
34.14302598,-118.1460615,67
34.14296099,-118.1460599,68
34.14289837,-118.146057,69
34.14589792,-118.1485047,70
34.14756778,-118.1486129,71
34.14756786,-118.1485441,72
34.14756913,-118.1484795,73
34.14756645,-118.1492036,74
34.14756457,-118.1492818,75
34.14756311,-118.149498,76
34.14756228,-118.1496838,77
34.14756151,-118.1498254,78
34.14756084,-118.1498893,79
34.14756134,-118.1499638,80
34.14756065,-118.1500384,81
34.14756054,-118.1501267,82
34.14772659,-118.1499111,83
34.14772787,-118.149835,84
34.14773502,-118.1493592,85
34.14308472,-118.148773,86
34.14292759,-118.1487713,87
34.14287153,-118.1487733,88
34.14269175,-118.1487694,89
34.14263748,-118.1487686,90
34.14245178,-118.1489659,91
34.14251976,-118.1489674,92
34.14258655,-118.1489661,93
34.14265095,-118.1489691,94
34.14272012,-118.1489699,95
34.14278393,-118.14897,96
34.14285519,-118.1489709,97
34.1429178,-118.1489732,98
34.1429822,-118.1489747,99
34.14303587,-118.1489741,100
34.14309521,-118.1489735,101
34.14330929,-118.1489739,102
34.1432431,-118.148973,103
34.14317929,-118.1489715,104
34.14384758,-118.1505756,105
34.14391228,-118.150575,106
34.1440697,-118.1505782,107
34.14412934,-118.1505783,108
34.14425186,-118.1503583,109
34.14399484,-118.1503564,110
34.14392984,-118.1503556,111
34.14386127,-118.1503548,112
34.14300319,-118.1505677,113
34.14293998,-118.1505675,114
34.1428708,-118.1505667,115
34.14280939,-118.1505644,116
34.14273902,-118.150565,117
34.14268237,-118.1505635,118
34.14260542,-118.150345,119
34.14267101,-118.1503451,120
34.14273601,-118.1503459,121
34.14278849,-118.1503453,122
34.14299541,-118.1503492,123
34.14305862,-118.1503501,124
34.14312183,-118.1503509,125
34.14318802,-118.1503517,126
34.14325242,-118.1503511,127
34.14331205,-118.1503527,128
34.14225809,-118.1505595,129
34.1422068,-118.1505601,130
34.14206398,-118.1505584,131
34.14199243,-118.1505576,132
34.14193458,-118.1505575,133
34.14188032,-118.1505552,134
34.14151418,-118.1505539,135
34.14144739,-118.1505523,136
34.1413806,-118.1505529,137
34.14132753,-118.1505514,138
34.14136835,-118.1503338,139
34.14163043,-118.1503371,140
34.14169662,-118.1503387,141
34.1417646,-118.1503388,142
34.14182901,-118.1503389,143
34.14189401,-118.150339,144
34.1419602,-118.1503391,145
34.14202609,-118.1503407,146
34.14209466,-118.1503444,147
34.14215669,-118.1503409,148
34.1422187,-118.150341,149
34.14229264,-118.150344,150
34.14805904,-118.1504096,151
34.14812643,-118.1504083,152
34.14819083,-118.150407,153
34.14825643,-118.1504064,154
34.14832083,-118.1504072,155
34.14836973,-118.1504066,156
34.14210059,-118.1522834,157
34.14205527,-118.1522804,158
34.14199922,-118.1522781,159
34.14194137,-118.1522788,160
34.14188889,-118.1522794,161
34.14189231,-118.1524042,162
34.14194419,-118.152405,163
34.1419925,-118.1524065,164
34.14204199,-118.1524059,165
34.14210848,-118.1524074,166
34.14217348,-118.1524083,167
34.14102572,-118.1522735,168
34.14157523,-118.1522795,169
34.14150128,-118.1522787,170
34.14143688,-118.1522778,171
34.14137307,-118.1522777,172
34.14131345,-118.152274,173
34.1411496,-118.1524,174
34.14129957,-118.1524002,175
34.1413592,-118.1524011,176
34.14142241,-118.1524012,177
34.14148622,-118.152402,178
34.14155181,-118.152405,179
34.14260716,-118.1522871,180
34.14266143,-118.1522872,181
34.14288028,-118.1522884,182
34.1429894,-118.15229,183
34.14323568,-118.1522912,184
34.14329889,-118.1522949,185
34.14336836,-118.1522936,186
34.14343157,-118.152293,187
34.14348584,-118.1522945,188
34.14383796,-118.152298,189
34.14388984,-118.1522981,190
34.14403296,-118.1522991,191
34.14408961,-118.1522992,192
34.14429876,-118.1524258,193
34.14417414,-118.1524227,194
34.14410974,-118.152419,195
34.14404056,-118.1524189,196
34.14398212,-118.1524202,197
34.14391713,-118.1524165,198
34.14385928,-118.1524221,199
34.14473321,-118.1521691,200
34.1448,-118.1521692,201
34.144865,-118.15217,202
34.14772648,-118.1499936,203
34.14493417,-118.1521716,204
34.14498605,-118.1521717,205
34.14552616,-118.1522996,206
34.14546534,-118.1522988,207
34.14224409,-118.143939,208
34.14224357,-118.1438723,209
34.14224367,-118.143787,210
34.14227201,-118.1445279,211
34.14227907,-118.1446097,212
34.14228375,-118.1446792,213
34.14464211,-118.1425191,214
34.14464339,-118.1424431,215
34.14464408,-118.1423671,216
34.14773049,-118.147487,217
34.14774604,-118.1474433,218
34.14776577,-118.1474053,219
34.14779741,-118.1473738,220
34.14783799,-118.1473559,221
34.14787853,-118.1473567,222
34.14791728,-118.147369,223
34.14784532,-118.1476966,224
34.14789303,-118.147696,225
34.14793002,-118.1476796,226
34.14796405,-118.1476509,227
34.14745285,-118.1477713,228
34.14739501,-118.1477704,229
34.14734313,-118.1477703,230
34.14699965,-118.1477669,231
34.14705689,-118.1477677,232
34.14711801,-118.1477685,233
34.14741017,-118.1475567,234
34.14735591,-118.1475573,235
34.14729926,-118.1475526,236
34.14721995,-118.1475517,237
34.14715615,-118.1475516,238
34.14708906,-118.1475522,239
34.14702823,-118.147555,240
34.14637381,-118.1477625,241
34.146522,-118.1477592,242
34.14656731,-118.1477622,243
34.14805391,-118.1490171,244
34.14811413,-118.1490194,245
34.14818689,-118.1490188,246
34.14825188,-118.1490196,247
34.14852112,-118.1490237,248
34.14910671,-118.1490276,249
34.14916276,-118.1490291,250
34.14922895,-118.1490292,251
34.14929336,-118.1490293,252
34.148694,-118.1488249,253
34.1486296,-118.1488255,254
34.14856222,-118.148824,255
34.14849662,-118.1488217,256
34.14808427,-118.1488181,257
34.14815224,-118.1488211,258
34.14821963,-118.1488191,259
34.1482888,-118.1488213,260
34.14835798,-118.1488215,261
34.14842894,-118.1488223,262
34.14695608,-118.1490069,263
34.14700975,-118.149007,264
34.14707892,-118.1490085,265
34.14714035,-118.1490087,266
34.14727362,-118.1490096,267
34.14733564,-118.1490097,268
34.14740302,-118.1490141,269
34.14745903,-118.148812,270
34.14740476,-118.1488119,271
34.14733916,-118.1488118,272
34.14727834,-118.1488109,273
34.14721752,-118.1488101,274
34.14715699,-118.1488086,275
34.14709557,-118.1488099,276
34.1470261,-118.1488083,277
34.14695871,-118.1488097,278
34.14600614,-118.1489987,279
34.1460622,-118.1489996,280
34.14612779,-118.1489997,281
34.14633382,-118.1490015,282
34.1463863,-118.1490023,283
34.1464513,-118.1490031,284
34.1463937,-118.1488029,285
34.14634242,-118.1488028,286
34.14618141,-118.1488011,287
34.14613728,-118.1488017,288
34.14607109,-118.1488009,289
34.14501804,-118.1489884,290
34.14506813,-118.1489906,291
34.14512717,-118.14899,292
34.14519336,-118.1489916,293
34.14535645,-118.1489933,294
34.14540476,-118.1489927,295
34.14547035,-118.1489942,296
34.14553416,-118.148995,297
34.14554752,-118.148796,298
34.14549266,-118.1487945,299
34.14543362,-118.1487951,300
34.14521358,-118.1487933,301
34.14515634,-118.1487917,302
34.14509074,-118.1487916,303
34.14501978,-118.1487901,304
34.14495955,-118.1487907,305
34.14482717,-118.148789,306
34.14476873,-118.1487882,307
34.14373178,-118.1489793,308
34.14377591,-118.1489793,309
34.14401951,-118.1489798,310
34.14408689,-118.1489806,311
34.14415368,-118.1489807,312
34.14421927,-118.1489823,313
34.14414796,-118.1487828,314
34.14408057,-118.1487819,315
34.14401379,-118.1487818,316
34.14394938,-118.1487824,317
34.143882,-118.1487816,318
34.14381939,-118.1487793,319
34.14374932,-118.1487785,320
34.14368552,-118.1487762,321
34.14338407,-118.1487757,322
34.14333696,-118.1487756,323
34.14327256,-118.1487762,324
34.14320816,-118.1487746,325
34.14314793,-118.1487745,326
34.14643256,-118.1413334,327
34.14662791,-118.141339,328
34.14681019,-118.1413383,329
34.14593758,-118.1436137,330
34.14508969,-118.1382696,331
34.14592594,-118.1451688,332
34.14591606,-118.1469837,333
34.14494288,-118.1377863,334
34.14638564,-118.1413337,335
34.1457422,-118.1424165,336
34.14572203,-118.1446878,337
34.14740414,-118.1367963,338
34.14740947,-118.1367972,339
34.14571849,-118.1450892,340
34.1477063,-118.1360519,341
34.14675101,-118.1413358,342
34.1459537,-118.1424013,343
34.14715268,-118.1460975,344
34.14721085,-118.1460935,345
34.14727704,-118.146095,346
34.14734569,-118.1460893,347
34.14740943,-118.1460864,348
34.14686228,-118.1413394,349
34.14390342,-118.1324664,350
34.14322824,-118.132464,351
34.14315249,-118.1322114,352
34.14353263,-118.1322134,353
34.14380666,-118.1322206,354
34.14200576,-118.1324543,355
34.14198244,-118.1322076,356
34.14156947,-118.1321988,357
34.1411227,-118.1324575,358
34.13991136,-118.1324351,359
34.13952225,-118.1324308,360
34.13869999,-118.1324258,361
34.13839152,-118.132179,362
34.13862449,-118.132172,363
34.13938377,-118.1321842,364
34.13982613,-118.1321874,365
34.14019272,-118.1321917,366
34.13734553,-118.132165,367
34.1373043,-118.1324125,368
34.13662618,-118.1321577,369
34.1367662,-118.1324042,370
34.13646566,-118.1324025,371
34.14242055,-118.1314461,372
34.14210073,-118.131441,373
34.14175813,-118.1314382,374
34.14141304,-118.1314321,375
34.1410688,-118.131427,376
34.14074717,-118.1313346,377
34.14043565,-118.1314223,378
34.14005522,-118.1313611,379
34.13973495,-118.1314166,380
34.13937929,-118.1313848,381
34.13903047,-118.1313788,382
34.13867706,-118.13138,383
34.13832328,-118.1313749,384
34.13798053,-118.131401,385
34.14396032,-118.1523003,386
34.14274857,-118.1522883,387
34.14943068,-118.1437,388
34.14943236,-118.1437889,389
34.15060868,-118.1444107,390
34.15055143,-118.1444099,391
34.15078846,-118.1444182,392
34.15101895,-118.144415,393
34.15096587,-118.1444142,394
34.15100208,-118.1445534,395
34.15094186,-118.1445497,396
34.15068276,-118.1445436,397
34.15072629,-118.1445443,398
34.150774,-118.1445451,399
34.15085033,-118.144546,400
34.14977986,-118.1428883,401
34.14983771,-118.1428891,402
34.14990092,-118.14289,403
34.14996532,-118.1428894,404
34.15024797,-118.1428963,405
34.1503076,-118.1428957,406
34.15071907,-118.1428949,407
34.1508431,-118.142898,408
34.15091496,-118.142896,409
34.15098294,-118.1428997,410
34.15106642,-118.1429041,411
34.1509899,-118.143064,412
34.15092371,-118.1430624,413
34.15086438,-118.1430587,414
34.14975134,-118.1430518,415
34.14980501,-118.143054,416
34.14986583,-118.143057,417
34.14993262,-118.1430593,418
34.1501136,-118.1430589,419
34.15017264,-118.143059,420
34.15034796,-118.1430614,421
34.15041713,-118.1430637,422
34.15052268,-118.1430639,423
34.15060616,-118.1430647,424
34.15067414,-118.1430649,425
34.15073855,-118.1430628,426
34.14782964,-118.1415946,427
34.14788331,-118.141594,428
34.1479498,-118.1415941,429
34.14810247,-118.1415872,430
34.14815375,-118.1415887,431
34.14821934,-118.1415888,432
34.14828583,-118.1415911,433
34.14834845,-118.1415905,434
34.14896979,-118.141361,435
34.14891732,-118.1413587,436
34.14883801,-118.1413564,437
34.14878255,-118.141357,438
34.14834127,-118.1413556,439
34.14829416,-118.1413541,440
34.14816804,-118.1413531,441
34.14809767,-118.1413502,442
34.14804222,-118.1413508,443
34.14798556,-118.1413521,444
34.14791639,-118.1413527,445
34.1478502,-118.1413504,446
34.14280036,-118.1414785,447
34.14285641,-118.1414808,448
34.14301861,-118.1414811,449
34.14306989,-118.1414811,450
34.14322285,-118.14148,451
34.14327831,-118.1414822,452
34.14334212,-118.1414809,453
34.14989167,-118.1452152,454
34.14991548,-118.1450684,455
34.14247063,-118.1513579,456
34.14236001,-118.1530039,457
34.14371206,-118.1517393,458
34.14246989,-118.1519486,459
34.14360935,-118.1513823,460
34.14246373,-118.1530346,461
34.14360712,-118.1517273,462
34.14246334,-118.153343,463
34.14247263,-118.1507121,464
34.14371448,-118.1512373,465
34.1423634,-118.1517447,466
34.14358205,-118.1494501,467
34.14358335,-118.1493626,468
34.14348772,-118.1495389,469
34.14246593,-118.1527111,470
34.14348643,-118.1496199,471
34.14247312,-118.1507932,472
34.14236789,-118.151016,473
34.14348722,-118.1494629,474
34.14358404,-118.1492895,475
34.14236112,-118.1525966,476
34.14246206,-118.1538802,477
34.14235704,-118.1534654,478
34.14235862,-118.1531596,479
34.14235605,-118.1537796,480
34.14360645,-118.1517876,481
34.14371276,-118.1516561,482
34.14361377,-118.1507031,483
34.14348634,-118.1496967,484
34.14357883,-118.1501261,485
34.14370975,-118.1521553,486
34.14235891,-118.1529308,487
34.14246544,-118.153102,488
34.14348999,-118.1491487,489
34.14348474,-118.1500183,490
34.14236035,-118.1527393,491
34.14246633,-118.1528682,492
34.14360504,-118.1519611,493
34.14371438,-118.1513191,494
34.1423639,-118.1518185,495
34.14246235,-118.153655,496
34.14235931,-118.1530821,497
34.14348564,-118.1497738,498
34.14236702,-118.1512373,499
34.1423635,-118.1516644,500
34.14348921,-118.1492986,501
34.14358256,-118.1495197,502
34.14358021,-118.1499783,503
34.14236379,-118.1519071,504
34.14247032,-118.1520777,505
34.14361027,-118.1511173,506
34.14235734,-118.1536978,507
34.1423642,-118.1515804,508
34.14348485,-118.1499359,509
34.14236549,-118.1515066,510
34.1437161,-118.1513764,511
34.14246274,-118.1538192,512
34.14360855,-118.1515394,513
34.14348554,-118.1498541,514
34.1423636,-118.1520599,515
34.14360495,-118.1520379,516
34.14246643,-118.1527908,517
34.14246414,-118.1531852,518
34.14357831,-118.1500608,519
34.14236645,-118.1507356,520
34.14247156,-118.1510843,521
34.14246365,-118.1535711,522
34.14371126,-118.1519021,523
34.14235754,-118.1535407,524
34.14246324,-118.1534248,525
34.14246904,-118.1516714,526
34.14348852,-118.1493768,527
34.14828057,-118.1562119,528
34.14616519,-118.1560455,529
34.14866151,-118.1562965,530
34.14585666,-118.1565036,531
34.14781896,-118.1561096,532
34.148034,-118.1561548,533
34.14853239,-118.1562655,534
34.14723678,-118.1560547,535
34.14911602,-118.1563982,536
34.14814846,-118.1561823,537
34.14623735,-118.1560464,538
34.14884131,-118.156337,539
34.14859736,-118.1562821,540
34.14683999,-118.1560511,541
34.14789587,-118.1561262,542
34.14796085,-118.1561399,543
34.14704894,-118.1560543,544
34.14925409,-118.1564264,545
34.14584189,-118.1573144,546
34.14809123,-118.1561685,547
34.14931907,-118.1564409,548
34.14610258,-118.1560447,549
34.1477662,-118.1560994,550
34.1471694,-118.1560545,551
34.14938644,-118.1564561,552
34.14834245,-118.1562257,553
34.1471044,-118.1560544,554
34.14821857,-118.1561953,555
34.14847396,-118.1562532,556
34.14898367,-118.1563685,557
34.14745258,-118.1560623,558
34.14918517,-118.1564134,559
34.14904686,-118.156383,560
34.14757482,-118.1560718,561
34.14840922,-118.1562401,562
34.14872577,-118.1563117,563
34.14878241,-118.1563212,564
34.1477042,-118.1560878,565
34.14763742,-118.1560798,566
34.14751042,-118.1560659,567
34.14891583,-118.1563544,568
34.14588007,-118.1494205,569
34.14587978,-118.1496572,570
34.14587059,-118.1512857,571
34.14586567,-118.1518824,572
34.14586235,-118.1535654,573
34.14588436,-118.1545466,574
34.14588542,-118.1555769,575
34.14562914,-118.1556087,576
34.14563073,-118.1543657,577
34.14566253,-118.1532813,578
34.14566743,-118.1527086,579
34.14566941,-118.1525544,580
34.1456743,-118.151508,581
34.14567319,-118.1509708,582
34.14568305,-118.1497515,583
34.14568711,-118.1493642,584
34.14570107,-118.1481932,585
34.14445608,-118.148258,586
34.1444571,-118.1484014,587
34.1444564,-118.1484868,588
34.14445746,-118.1485929,589
34.14445618,-118.1486682,590
34.14459971,-118.1483264,591
34.14459901,-118.1484139,592
34.14459883,-118.1485624,593
34.14459992,-118.1486405,594
34.14444596,-118.1501755,595
34.14444664,-118.1501123,596
34.14444829,-118.1497419,597
34.14444898,-118.1496709,598
34.14445283,-118.1494446,599
34.14445299,-118.1493206,600
34.14458593,-118.150747,601
34.14458582,-118.1508287,602
34.14458572,-118.1509127,603
34.14458227,-118.1512878,604
34.14458216,-118.151376,605
34.14458129,-118.1515911,606
34.14458179,-118.1516707,607
34.14458108,-118.1517604,608
34.14443452,-118.1521238,609
34.14443581,-118.1520492,610
34.14443726,-118.1518412,611
34.14443737,-118.1517565,612
34.14443985,-118.1516823,613
34.14443994,-118.1516113,614
34.14444063,-118.1515346,615
34.14444132,-118.1514586,616
34.14444142,-118.1513832,617
34.14444211,-118.1513065,618
34.14444274,-118.150798,619
34.14444204,-118.1508855,620
34.14457451,-118.1527193,621
34.14457439,-118.1528075,622
34.14457486,-118.1529101,623
34.14457415,-118.1530048,624
34.14457347,-118.1530711,625
34.14457268,-118.1532203,626
34.14457137,-118.1533128,627
34.14457126,-118.1533967,628
34.14456949,-118.1538525,629
34.14457079,-118.1537707,630
34.14457265,-118.1537098,631
34.14457119,-118.1534584,632
34.14442657,-118.1536952,633
34.14442725,-118.1536292,634
34.14442855,-118.1535456,635
34.14442805,-118.1534682,636
34.14442994,-118.1533893,637
34.14442771,-118.1532677,638
34.14443047,-118.1529776,639
34.14443057,-118.1528937,640
34.14443246,-118.1528137,641
34.14443374,-118.1527449,642
34.14443264,-118.1526739,643
34.14443332,-118.1526029,644
34.144434,-118.1525405,645
34.14460074,-118.15446,646
34.14460899,-118.1545375,647
34.14461545,-118.1546164,648
34.1446231,-118.154696,649
34.14462956,-118.1547757,650
34.14463781,-118.1548521,651
34.14464426,-118.1549324,652
34.14465132,-118.1550113,653
34.14465838,-118.1550881,654
34.14466662,-118.155167,655
34.14467308,-118.155248,656
34.14467953,-118.1553298,657
34.14831766,-118.1449264,658
34.14831498,-118.1451709,659
34.14831609,-118.1452369,660
34.1483154,-118.1453166,661
34.1483141,-118.1454048,662
34.14831401,-118.1454801,663
34.14843876,-118.1448882,664
34.14843945,-118.1448115,665
34.14844074,-118.1447319,666
34.14266995,-118.1475806,667
34.14272958,-118.1475829,668
34.14278324,-118.1475837,669
34.14285003,-118.1475852,670
34.14292695,-118.1475904,671
34.14312314,-118.14759,672
34.14317741,-118.1475894,673
34.14341802,-118.1475913,674
34.1434866,-118.1475928,675
34.14359394,-118.1475952,676
34.14364015,-118.147596,677
34.14370515,-118.1475982,678
34.14310828,-118.1473114,679
34.14332265,-118.1473125,680
34.14325765,-118.1473131,681
34.14316761,-118.1473122,682
34.14283039,-118.1473123,683
34.142763,-118.1473122,684
34.14270099,-118.1473107,685
34.14262645,-118.1473084,686
34.14255966,-118.1473054,687
34.14603826,-118.1521829,688
34.14610266,-118.1521831,689
34.14615275,-118.1521832,690
34.14661609,-118.1521876,691
34.14598635,-118.15409,692
34.14604836,-118.1540929,693
34.14611336,-118.1540945,694
34.14617537,-118.154096,695
34.14634771,-118.1540956,696
34.14639959,-118.1540957,697
34.14516044,-118.1540841,698
34.14510618,-118.1540833,699
34.14482263,-118.1540799,700
34.14476121,-118.1540798,701
34.14470038,-118.1540776,702
34.14406232,-118.1540749,703
34.1434496,-118.1540688,704
34.14339951,-118.1540687,705
34.14333212,-118.1540671,706
34.1432707,-118.1540677,707
34.14320272,-118.1540662,708
34.14258046,-118.15406,709
34.14264844,-118.1540623,710
34.14271821,-118.1540624,711
34.14276592,-118.1540647,712
34.14294094,-118.1540643,713
34.14300415,-118.1540644,714
34.14307332,-118.1540652,715
34.14141674,-118.1540514,716
34.1414725,-118.1540501,717
34.1415548,-118.1540495,718
34.14162755,-118.1540504,719
34.14176201,-118.1540535,720
34.14181628,-118.1540536,721
34.14187114,-118.1540558,722
34.14193346,-118.1540552,723
34.14200442,-118.1540546,724
34.14218868,-118.1540564,725
34.14212726,-118.1540556,726
34.14961951,-118.1467121,727
34.14961941,-118.1467918,728
34.14961931,-118.1468714,729
34.14961862,-118.1469503,730
34.14961675,-118.1470155,731
34.14961518,-118.1473304,732
34.14961449,-118.1474057,733
34.14961439,-118.1474897,734
34.14941598,-118.1497781,735
34.14941684,-118.1495636,736
34.14941692,-118.1495005,737
34.14683946,-118.1479376,738
34.14683995,-118.1480201,739
34.14683856,-118.1481821,740
34.14683668,-118.1482582,741
34.1468366,-118.1483249,742
34.14683639,-118.148497,743
34.14683569,-118.1485781,744
34.14683559,-118.1486562,745
34.14683082,-118.1491418,746
34.14683073,-118.149215,747
34.14683123,-118.1492924,748
34.14683122,-118.1493025,749
34.14682915,-118.1495269,750
34.14682785,-118.1496144,751
34.14682867,-118.1499178,752
34.14682696,-118.149849,753
34.14682767,-118.1497651,754
34.14682776,-118.1496898,755
34.14682182,-118.1501534,756
34.14664905,-118.154004,757
34.14664912,-118.1539452,758
34.14665204,-118.153527,759
34.14665154,-118.1534539,760
34.14665163,-118.1533807,761
34.1466529,-118.1533183,762
34.1466524,-118.1532433,763
34.1466525,-118.1531666,764
34.14665499,-118.1530848,765
34.14665568,-118.1530038,766
34.14665519,-118.1529256,767
34.14665707,-118.1528474,768
34.14665599,-118.1527646,769
34.14665726,-118.1526979,770
34.14665797,-118.1526097,771
34.14665987,-118.1525222,772
34.14675943,-118.1543276,773
34.14675635,-118.1544051,774
34.14675207,-118.1544854,775
34.14674839,-118.1545672,776
34.14674531,-118.1546468,777
34.14674282,-118.1547253,778
34.14674153,-118.1548042,779
34.14673904,-118.1548824,780
34.14673656,-118.1549627,781
34.14673347,-118.155043,782
34.14673159,-118.1551187,783
34.1467291,-118.155199,784
34.1467272,-118.1552794,785
34.14672412,-118.1553575,786
34.14672223,-118.1554379,787
34.14672034,-118.1555153,788
34.14671845,-118.1555928,789
34.14671656,-118.1556745,790
34.14671348,-118.1557506,791
34.14262377,-118.1428076,792
34.14888594,-118.144194,793
34.14831914,-118.1446836,794
34.14097503,-118.1522734,795
34.14671161,-118.1558165,796
34.14048216,-118.1501135,797
34.14048345,-118.1500346,798
34.14048476,-118.1499471,799
34.14048545,-118.1498696,800
34.14048554,-118.1497958,801
34.14048681,-118.1497362,802
34.14085894,-118.1507707,803
34.14086065,-118.1508339,804
34.14085857,-118.1510644,805
34.14085788,-118.1511404,806
34.14085719,-118.1512193,807
34.14085828,-118.1512989,808
34.14085699,-118.1513793,809
34.14085748,-118.151461,810
34.14085679,-118.1515342,811
34.14085609,-118.1516195,812
34.1408554,-118.1516963,813
34.1408541,-118.1517802,814
34.14085462,-118.1518404,815
34.14067788,-118.1517361,816
34.1406766,-118.1518035,817
34.14067651,-118.1518788,818
34.14067581,-118.1519627,819
34.1406769,-118.1520423,820
34.1406762,-118.1521212,821
34.14067641,-118.1524282,822
34.14067549,-118.152686,823
34.14067462,-118.1529047,824
34.14246254,-118.1535036,825
34.14236696,-118.1508044,826
34.14360865,-118.1514627,827
34.14360977,-118.1510442,828
34.14236618,-118.151432,829
34.1436125,-118.1507684,830
34.14348336,-118.150174,831
34.14235774,-118.1533866,832
34.14371405,-118.1515787,833
34.14358603,-118.1491238,834
34.14247148,-118.1511546,835
34.14371459,-118.1511498,836
34.14246603,-118.1526358,837
34.14358295,-118.1492084,838
34.14348931,-118.149219,839
34.14247363,-118.150867,840
34.14246404,-118.1532655,841
34.14236429,-118.1519817,842
34.14247034,-118.151586,843
34.14361017,-118.1511977,844
34.14235744,-118.1536168,845
34.14235782,-118.1533177,846
34.14236044,-118.1526625,847
34.14360358,-118.1521781,848
34.14246682,-118.15295,849
34.14348345,-118.1500965,850
34.14371196,-118.1518204,851
34.14832042,-118.1446104,852
34.14831906,-118.1447532,853
34.14831698,-118.1449959,854
34.14462415,-118.1448576,855
34.14588563,-118.1550384,856
34.14562954,-118.1549793,857
34.1458566,-118.1529794,858
34.14831524,-118.145555,859
34.14831438,-118.1456274,860
34.14773957,-118.1484485,861
34.14520325,-118.152299,862
34.14514124,-118.1522975,863
34.14699434,-118.1470924,864
34.14698366,-118.1470924,865
34.146547,-118.1415825,866
34.14468719,-118.1554044,867
34.14469424,-118.1554826,868
34.1447001,-118.1555644,869
34.14470656,-118.1556419,870
34.14471244,-118.155705,871
34.1416458,-118.1521467,872
34.1416453,-118.1520692,873
34.14164479,-118.1519996,874
34.14164693,-118.1517203,875
34.14164702,-118.1516514,876
34.14164711,-118.1515811,877
34.14246921,-118.1520088,878
34.14444673,-118.1500399,879
34.14961329,-118.14473,880
34.14961202,-118.1447945,881
34.1444434,-118.1512283,882
34.1477015,-118.1430357,883
34.14771517,-118.1428675,884
34.14893829,-118.1428787,885
34.14887492,-118.1430438,886
34.14754117,-118.1453858,887
34.14902619,-118.1444029,888
34.14775136,-118.1448793,889
34.14774763,-118.1453163,890
34.14754169,-118.1449497,891
34.14682488,-118.1500846,892
34.14720624,-118.1490095,893
34.14384031,-118.1489795,894
34.14828618,-118.1436208,895
34.1484349,-118.1436638,896
34.14755365,-118.1465418,897
34.14771569,-118.1464291,898
34.14770904,-118.1470863,899
34.14360235,-118.1529066,900
34.14359569,-118.153596,901
34.14370668,-118.1529147,902
34.14370446,-118.1536067,903
34.14331154,-118.1524292,904
34.14282538,-118.1524238,905
34.13836547,-118.1324307,906
34.14144681,-118.1324628,907
34.1460254,-118.1298,908
34.1460221,-118.13018,909
34.1460192,-118.13071,910
34.1460135,-118.13112,911
34.1460169,-118.13137,912
34.1460092,-118.13157,913
34.1460039,-118.13273,914
34.1460054,-118.13307,915
34.1460019,-118.13328,916
34.1459983,-118.13418,917
34.1459968,-118.13433,918
34.1459951,-118.13463,919
34.1459924,-118.13484,920
34.1459892,-118.13554,921
34.1459883,-118.13579,922
34.1459859,-118.13622,923
34.1459844,-118.13641,924
34.1459797,-118.1372,925
34.1459774,-118.13726,926
34.1459777,-118.13744,927
34.1459747,-118.13784,928
34.1459712,-118.13866,929
34.1459691,-118.13886,930
34.1459664,-118.13924,931
34.1459623,-118.14013,932
34.1459606,-118.14026,933
34.1459593,-118.14055,934
34.1459567,-118.14091,935
34.1459515,-118.14188,936
34.1459505,-118.14204,937
34.1459484,-118.1424,938
34.1459479,-118.14255,939
34.1459443,-118.14328,940
34.1459414,-118.14348,941
34.1459409,-118.14364,942
34.1459321,-118.14473,943
34.1459292,-118.14512,944
34.1459245,-118.14584,945
34.1459232,-118.14646,946
34.1459219,-118.14672,947
34.1459186,-118.1471,948
34.1458988,-118.1481,949
34.1458973,-118.14833,950
34.1458968,-118.14853,951
34.1458818,-118.14918,952
34.1458809,-118.14965,953
34.1458759,-118.1499,954
34.1458791,-118.15075,955
34.1458698,-118.15118,956
34.1458661,-118.15167,957
34.1458656,-118.15189,958
34.1458642,-118.15252,959
34.1458603,-118.1528,960
34.1458592,-118.153,961
34.1458574,-118.15349,962
34.1458595,-118.15358,963
34.1458639,-118.15372,964
34.1363595,-118.1487,965
34.1376868,-118.14872,966
34.1401419,-118.14874,967
34.140766,-118.14874,968
34.1409235,-118.14875,969
34.1411668,-118.14876,970
34.1413199,-118.14876,971
34.1415227,-118.14876,972
34.1416378,-118.14876,973
34.1420321,-118.14876,974
34.1421635,-118.14876,975
34.142418,-118.14877,976
34.1427109,-118.14877,977
34.1433148,-118.14878,978
34.1438766,-118.14878,979
34.1443777,-118.14878,980
34.1447622,-118.14879,981
34.144992,-118.14879,982
34.1452158,-118.14879,983
34.1459416,-118.1488,984
34.1461885,-118.1488,985
34.1463804,-118.1488,986
34.1466769,-118.14881,987
34.1471312,-118.14881,988
34.1474056,-118.14881,989
34.1478812,-118.14882,990
34.1482258,-118.14882,991
34.1490299,-118.14883,992
34.1507267,-118.14613,993
34.1503172,-118.14611,994
34.1498327,-118.1461,995
34.148482,-118.14609,996
34.1473854,-118.14609,997
34.147262,-118.14609,998
34.146368,-118.14612,999
34.1460793,-118.14612,1000
34.1456525,-118.14613,1001
34.1452356,-118.14612,1002
34.1447821,-118.14611,1003
34.143899,-118.14608,1004
34.1433331,-118.14607,1005
34.1428837,-118.14607,1006
34.142628,-118.14603,1007
34.1413878,-118.14602,1008
34.1411874,-118.14602,1009
34.1403005,-118.14601,1010
34.1399297,-118.14601,1011
34.1395168,-118.14601,1012
34.1389989,-118.146,1013
34.1385711,-118.146,1014
34.1383701,-118.14599,1015
34.1376416,-118.14598,1016
34.1371231,-118.14598,1017
34.136631,-118.14598,1018
34.136184,-118.14597,1019
34.1360036,-118.14577,1020
34.1363901,-118.14577,1021
34.1369252,-118.14578,1022
34.1373793,-118.14578,1023
34.137858,-118.14578,1024
34.1382923,-118.14579,1025
34.1388302,-118.14579,1026
34.1392655,-118.1458,1027
34.1397847,-118.1458,1028
34.1401003,-118.14581,1029
34.1413357,-118.14581,1030
34.141689,-118.14582,1031
34.1426874,-118.14582,1032
34.1428347,-118.14583,1033
34.1430668,-118.14583,1034
34.1433092,-118.14583,1035
34.1436542,-118.14583,1036
34.1439629,-118.14583,1037
34.144363,-118.14584,1038
34.1446325,-118.14584,1039
34.1449437,-118.14584,1040
34.1455132,-118.14586,1041
34.145679,-118.14586,1042
34.145958,-118.1459,1043
34.1462469,-118.1459,1044
34.1465246,-118.1459,1045
34.1471279,-118.14588,1046
34.1473884,-118.14587,1047
34.1479425,-118.14585,1048
34.1480825,-118.14585,1049
34.1484894,-118.14585,1050
34.1486985,-118.14586,1051
34.148885,-118.14586,1052
34.1490349,-118.14586,1053
34.1493624,-118.14586,1054
34.1497434,-118.14589,1055
34.1501104,-118.14589,1056
34.1505319,-118.14588,1057
34.1509527,-118.14586,1058
34.1509251,-118.14307,1059
34.1506102,-118.14306,1060
34.150352,-118.14306,1061
34.1497475,-118.14305,1062
34.1492407,-118.14305,1063
34.1491303,-118.14305,1064
34.1485366,-118.14304,1065
34.1488304,-118.14304,1066
34.1481778,-118.14304,1067
34.1474975,-118.14303,1068
34.1467101,-118.14303,1069
34.1465183,-118.14302,1070
34.1460878,-118.14302,1071
34.1464363,-118.14286,1072
34.1467091,-118.14286,1073
34.1478087,-118.14287,1074
34.1480227,-118.14287,1075
34.148171,-118.14287,1076
34.1483664,-118.14287,1077
34.1484652,-118.14288,1078
34.1487467,-118.14288,1079
34.1490215,-118.14288,1080
34.1497291,-118.14289,1081
34.1500499,-118.14289,1082
34.1503038,-118.14289,1083
34.1506919,-118.14289,1084
34.1510243,-118.1429,1085
34.1483196,-118.14495,1086
34.1483136,-118.14551,1087
34.1483217,-118.14463,1088
34.1482847,-118.14389,1089
34.1482862,-118.14365,1090
34.1482877,-118.14341,1091
34.1482898,-118.14317,1092
34.1484335,-118.14341,1093
34.148429,-118.14389,1094
34.1484401,-118.14466,1095
34.1484366,-118.14497,1096
34.1484335,-118.14538,1097
34.1484341,-118.14565,1098
34.1495635,-118.15358,1099
34.1495658,-118.15305,1100
34.1495691,-118.15247,1101
34.1495707,-118.15202,1102
34.1495726,-118.15152,1103
34.1495707,-118.15095,1104
34.1494329,-118.15003,1105
34.1494166,-118.14941,1106
34.1494221,-118.14863,1107
34.149426,-118.14818,1108
34.1494238,-118.14799,1109
34.1494368,-118.14759,1110
34.149441,-118.14706,1111
34.149443,-118.14645,1112
34.1494189,-118.14566,1113
34.1494209,-118.14529,1114
34.1494237,-118.14493,1115
34.1494248,-118.1448,1116
34.1494256,-118.14467,1117
34.1494256,-118.14399,1118
34.149428,-118.14384,1119
34.1494595,-118.14275,1120
34.1494603,-118.14233,1121
34.149439,-118.14182,1122
34.1494665,-118.14121,1123
34.1494689,-118.14083,1124
34.1494713,-118.14032,1125
34.1496357,-118.14033,1126
34.1496377,-118.1406,1127
34.1496365,-118.14105,1128
34.1496298,-118.14177,1129
34.1496263,-118.14196,1130
34.149629,-118.1421,1131
34.1496259,-118.14261,1132
34.1496192,-118.14368,1133
34.149616,-118.14408,1134
34.1496132,-118.14472,1135
34.149622,-118.14557,1136
34.1496154,-118.14533,1137
34.1496277,-118.14582,1138
34.1496214,-118.14637,1139
34.1496214,-118.14663,1140
34.1496163,-118.14732,1141
34.1496153,-118.14748,1142
34.1495916,-118.14791,1143
34.149587,-118.14848,1144
34.1495839,-118.14923,1145
34.1495839,-118.14946,1146
34.1497526,-118.15091,1147
34.1497552,-118.15126,1148
34.1497505,-118.15185,1149
34.149748,-118.1523,1150
34.1497459,-118.15281,1151
34.1500372,-118.15291,1152
34.1501681,-118.15261,1153
34.1502801,-118.15231,1154
34.1503564,-118.15212,1155
34.1505347,-118.15165,1156
34.1510166,-118.15001,1157
34.1510708,-118.14968,1158
34.1511081,-118.14937,1159
34.1511366,-118.1491,1160
34.1255918,-118.15016,1161
34.1250292,-118.15015,1162
34.1244235,-118.15015,1163
34.1246964,-118.15015,1164
34.1259429,-118.15019,1165
34.1265347,-118.1502,1166
34.1271466,-118.1502,1167
34.1325679,-118.15025,1168
34.1362421,-118.13215,1169
34.1364023,-118.13216,1170
34.136766,-118.13216,1171
34.1375424,-118.13216,1172
34.1371706,-118.13216,1173
34.1381089,-118.13217,1174
34.1383554,-118.13217,1175
34.1386823,-118.13217,1176
34.1387861,-118.13218,1177
34.1404251,-118.13219,1178
34.1428173,-118.13221,1179
34.1434848,-118.13222,1180
34.1438538,-118.13222,1181
34.144665,-118.13223,1182
34.1450003,-118.13223,1183
34.1453614,-118.13223,1184
34.1456143,-118.13223,1185
34.1464058,-118.13221,1186
34.1469932,-118.13224,1187
34.1474261,-118.13224,1188
34.1481827,-118.13225,1189
34.1487977,-118.13225,1190
34.1506178,-118.13222,1191
34.1510547,-118.1322,1192
34.1278161,-118.15021,1193
34.1301011,-118.15023,1194
34.1318798,-118.15024,1195
34.1332303,-118.15026,1196
34.1337943,-118.15026,1197
34.1343088,-118.15027,1198
34.134422,-118.15027,1199
34.134583,-118.15027,1200
34.1363074,-118.15028,1201
34.1364194,-118.15029,1202
34.1369779,-118.15029,1203
34.1374776,-118.1503,1204
34.1379989,-118.1503,1205
34.1392915,-118.15031,1206
34.1409248,-118.15033,1207
34.1413482,-118.15033,1208
34.1419158,-118.15034,1209
34.1430361,-118.15035,1210
34.1433325,-118.15035,1211
34.1437233,-118.15036,1212
34.1438872,-118.15035,1213
34.1450159,-118.15036,1214
34.1454059,-118.15037,1215
34.1461666,-118.15039,1216
34.1464194,-118.1504,1217
34.1466787,-118.1504,1218
34.1471662,-118.1504,1219
34.1474006,-118.15041,1220
34.1479156,-118.15041,1221
34.1479747,-118.15041,1222
34.1480528,-118.1504,1223
34.1483337,-118.1504,1224
34.1492668,-118.1504,1225
34.1501316,-118.15043,1226
34.1531292,-118.15041,1227
34.1533033,-118.15042,1228
34.1543066,-118.15047,1229
34.1545897,-118.15047,1230
34.1549075,-118.15047,1231
34.1553837,-118.15048,1232
34.1556051,-118.15048,1233
34.1558189,-118.15048,1234
34.1581026,-118.15048,1235
34.1584594,-118.15051,1236
34.1588444,-118.15051,1237
34.1593144,-118.15051,1238
34.1598518,-118.15051,1239
34.1601995,-118.15051,1240
34.1607683,-118.15051,1241
34.1613899,-118.15045,1242
34.1615719,-118.15045,1243
34.1616296,-118.15051,1244
34.1637533,-118.15053,1245
34.1653553,-118.15055,1246
34.1657564,-118.15055,1247
34.1662068,-118.15055,1248
34.1666591,-118.15056,1249
34.1671755,-118.15056,1250
34.167546,-118.15057,1251
34.1679838,-118.15057,1252
34.169148,-118.15059,1253
34.172725,-118.15062,1254
34.17475,-118.15063,1255
34.1781841,-118.15066,1256
34.1802557,-118.15068,1257
34.1800685,-118.15068,1258
34.1805487,-118.15068,1259
34.181093,-118.15068,1260
34.1812098,-118.15068,1261
34.181417,-118.15069,1262
34.1430016,-118.12978,1263
34.1429071,-118.13027,1264
34.1427323,-118.13099,1265
34.1426899,-118.13116,1266
34.1426585,-118.1314,1267
34.1426478,-118.13192,1268
34.1426397,-118.1326,1269
34.1426384,-118.13289,1270
34.1426393,-118.13334,1271
34.1426521,-118.13373,1272
34.1426441,-118.13587,1273
34.1426449,-118.13557,1274
34.1426429,-118.13629,1275
34.1426491,-118.13749,1276
34.1426479,-118.13796,1277
34.1426393,-118.13871,1278
34.1426385,-118.13942,1279
34.1425803,-118.13987,1280
34.1424039,-118.14047,1281
34.1422127,-118.14204,1282
34.1422262,-118.14253,1283
34.1422366,-118.14275,1284
34.1422711,-118.14448,1285
34.1422982,-118.14482,1286
34.1423012,-118.14487,1287
34.1423637,-118.14642,1288
34.1423617,-118.14671,1289
34.1423575,-118.14707,1290
34.1410199,-118.1301,1291
34.141022,-118.13068,1292
34.1406175,-118.13302,1293
34.1407125,-118.13259,1294
34.1406868,-118.1327,1295
34.1405366,-118.1335,1296
34.1405092,-118.13412,1297
34.140487,-118.13608,1298
34.1405074,-118.13719,1299
34.1405047,-118.13762,1300
34.1405042,-118.13801,1301
34.140498,-118.13881,1302
34.1404953,-118.1394,1303
34.1404888,-118.13994,1304
34.1404903,-118.14042,1305
34.1404838,-118.14075,1306
34.1404773,-118.14207,1307
34.1404749,-118.14227,1308
34.1404687,-118.14368,1309
34.1404667,-118.14427,1310
34.1404628,-118.14495,1311
34.140603,-118.1461,1312
34.1406033,-118.14637,1313
34.1406558,-118.14797,1314
34.1407019,-118.14831,1315
34.1406662,-118.14915,1316
34.1406656,-118.1493,1317
34.1406662,-118.14962,1318
34.1406656,-118.14996,1319
34.1408597,-118.15119,1320
34.1408574,-118.15183,1321
34.1408559,-118.15247,1322
34.1408535,-118.15276,1323
34.1408674,-118.15306,1324
34.1408515,-118.15622,1325
34.1408075,-118.15669,1326
34.1408048,-118.15718,1327
34.1408025,-118.15769,1328
34.1408001,-118.1582,1329
34.1407966,-118.15917,1330
34.1460726,-118.12175,1331
34.146073,-118.1222,1332
34.1460668,-118.1226,1333
34.1460619,-118.1234,1334
34.1460623,-118.12376,1335
34.1460558,-118.12451,1336
34.1460549,-118.12486,1337
34.1460508,-118.12516,1338
34.1460512,-118.12565,1339
34.1460467,-118.12627,1340
34.1460406,-118.12737,1341
34.1460381,-118.12775,1342
34.1460336,-118.12846,1343
34.1460315,-118.12875,1344
34.1460299,-118.12911,1345
34.1460254,-118.12966,1346
34.1461915,-118.13967,1347
34.1465148,-118.13967,1348
34.1468178,-118.13968,1349
34.1469964,-118.13968,1350
34.1468589,-118.13985,1351
34.1465282,-118.13985,1352
34.1462615,-118.13985,1353
34.1455311,-118.13983,1354
34.1451189,-118.13983,1355
34.1441177,-118.13981,1356
34.1438796,-118.13981,1357
34.1437688,-118.13981,1358
34.1434444,-118.13981,1359
34.1431555,-118.1398,1360
34.1427457,-118.1398,1361
34.1420941,-118.13979,1362
34.1417377,-118.13979,1363
34.1409713,-118.13978,1364
34.1406459,-118.13978,1365
34.1401427,-118.13977,1366
34.1396316,-118.13977,1367
34.1392071,-118.13977,1368
34.1387814,-118.13976,1369
34.1383451,-118.13976,1370
34.1378769,-118.13975,1371
34.137479,-118.13975,1372
34.1370074,-118.13975,1373
34.1367715,-118.13975,1374
34.1361365,-118.13974,1375
34.1362886,-118.14125,1376
34.1366731,-118.14125,1377
34.1370732,-118.14126,1378
34.137431,-118.14126,1379
34.137824,-118.14126,1380
34.1387558,-118.14127,1381
34.1391443,-118.14127,1382
34.1395256,-118.14128,1383
34.140681,-118.14129,1384
34.1413373,-118.14129,1385
34.1410781,-118.14129,1386
34.1417588,-118.14126,1387
34.1426233,-118.14127,1388
34.1426296,-118.14127,1389
34.1429666,-118.14127,1390
34.1433036,-118.14127,1391
34.1436938,-118.14129,1392
34.1438763,-118.14129,1393
34.1441952,-118.14132,1394
34.1448619,-118.14132,1395
34.1461945,-118.14133,1396
34.1464601,-118.14134,1397
34.1468589,-118.14134,1398
34.147483,-118.14135,1399
34.1478349,-118.14135,1400
34.1484088,-118.14135,1401
34.1487343,-118.14136,1402
34.1489632,-118.14136,1403
34.1498996,-118.14134,1404
34.1501113,-118.14134,1405
34.150845,-118.14132,1406
34.1506762,-118.14159,1407
34.1498766,-118.14159,1408
34.1488836,-118.14161,1409
34.148248,-118.1416,1410
34.1480872,-118.1416,1411
34.1475791,-118.1416,1412
34.1469431,-118.14159,1413
34.1466232,-118.14159,1414
34.1462111,-118.14159,1415
34.145996,-118.14158,1416
34.1456805,-118.14155,1417
34.1453525,-118.14158,1418
34.1452667,-118.14157,1419
34.1449282,-118.14154,1420
34.1440148,-118.14151,1421
34.143961,-118.14151,1422
34.1434738,-118.14149,1423
34.1431289,-118.14149,1424
34.1427934,-118.14148,1425
34.1424679,-118.1415,1426
34.1418546,-118.14147,1427
34.1415502,-118.14147,1428
34.1413114,-118.14147,1429
34.1400515,-118.14145,1430
34.139751,-118.14146,1431
34.1389294,-118.14145,1432
34.1384789,-118.14144,1433
34.1380617,-118.14144,1434
34.1376595,-118.14144,1435
34.1372407,-118.14143,1436
34.1368685,-118.14143,1437
34.1366963,-118.14142,1438
34.1364591,-118.14142,1439
34.1409592,-118.1428,1440
34.1414363,-118.1428,1441
34.1416201,-118.1428,1442
34.1429061,-118.14282,1443
34.1434937,-118.14282,1444
34.1440915,-118.14283,1445
34.1441291,-118.143,1446
34.1430805,-118.14299,1447
34.1429739,-118.14299,1448
34.1426365,-118.14299,1449
34.1418483,-118.14298,1450
34.1416049,-118.14298,1451
34.1413892,-118.14298,1452
34.1412072,-118.14298,1453
34.1408952,-118.14297,1454
34.1406101,-118.14297,1455
34.1393461,-118.14295,1456
34.1389188,-118.14295,1457
34.1385294,-118.14294,1458
34.1381283,-118.14294,1459
34.1477542,-118.14494,1460
34.1477524,-118.14517,1461
34.1477496,-118.1454,1462
34.1477083,-118.14639,1463
34.1477048,-118.14689,1464
34.1477026,-118.14732,1465
34.1477427,-118.14827,1466
34.1477392,-118.14851,1467
34.1477347,-118.14924,1468
34.1477329,-118.14939,1469
34.1477335,-118.14954,1470
34.1477324,-118.14986,1471
34.1453716,-118.1523,1472
34.1451136,-118.1523,1473
34.1511623,-118.1488,1474
34.1511833,-118.14851,1475
34.1512017,-118.14822,1476
34.1512165,-118.14791,1477
34.1512277,-118.14763,1478
34.1512368,-118.14712,1479
34.1512313,-118.14652,1480
34.1512216,-118.14621,1481
34.1511749,-118.14531,1482
34.1511561,-118.14497,1483
34.1511439,-118.14464,1484
34.1511413,-118.14435,1485
34.1511514,-118.14375,1486
34.1511674,-118.14316,1487
34.1511739,-118.14286,1488
34.1511804,-118.14257,1489
34.1511876,-118.14227,1490
34.1511945,-118.14198,1491
34.1512075,-118.14124,1492
34.1512111,-118.14068,1493
34.1512111,-118.14012,1494
34.1512131,-118.13983,1495
34.1512174,-118.13922,1496
34.1512145,-118.13861,1497
34.1512073,-118.13831,1498
34.1512011,-118.13772,1499
34.1512027,-118.1372,1500
34.1512033,-118.13619,1501
34.1511997,-118.13564,1502
34.1512016,-118.13509,1503
34.1511989,-118.13481,1504
34.1512011,-118.13452,1505
34.1512005,-118.13416,1506
34.1511994,-118.13374,1507
34.1511834,-118.13331,1508
34.1511818,-118.13308,1509
34.1512168,-118.13168,1510
34.1512248,-118.13079,1511
34.1511665,-118.13098,1512
34.1509381,-118.13098,1513
34.1508059,-118.13098,1514
34.1492226,-118.13095,1515
34.1488792,-118.13095,1516
34.148683,-118.13095,1517
34.148499,-118.13095,1518
34.1481312,-118.13094,1519
34.1477026,-118.13093,1520
34.147327,-118.13093,1521
34.147043,-118.13094,1522
34.1467345,-118.13094,1523
34.1463045,-118.13094,1524
34.1447193,-118.13092,1525
34.1443655,-118.13092,1526
34.1440919,-118.13092,1527
34.143787,-118.13091,1528
34.1434766,-118.1309,1529
34.1431151,-118.13089,1530
34.142267,-118.13089,1531
34.141876,-118.13089,1532
34.1415606,-118.13088,1533
34.1412331,-118.13088,1534
34.1408076,-118.13088,1535
34.140317,-118.13087,1536
34.1397869,-118.13086,1537
34.1392658,-118.13086,1538
34.1387502,-118.13085,1539
34.1382351,-118.13085,1540
34.1380463,-118.13085,1541
34.1496846,-118.13132,1542
34.1496812,-118.13187,1543
34.1496852,-118.13265,1544
34.1496822,-118.13311,1545
34.1496807,-118.13349,1546
34.1496757,-118.13374,1547
34.1496717,-118.13435,1548
34.1496707,-118.13498,1549
34.1496663,-118.13541,1550
34.1496648,-118.13595,1551
34.1496588,-118.1363,1552
34.1496608,-118.13654,1553
34.1496509,-118.13792,1554
34.1496509,-118.13856,1555
34.1496469,-118.13907,1556
34.1496439,-118.13955,1557
34.14947,-118.13986,1558
34.149476,-118.13931,1559
34.1494789,-118.13882,1560
34.1494874,-118.13729,1561
34.1494938,-118.13625,1562
34.1495053,-118.1351,1563
34.1495064,-118.13464,1564
34.1495122,-118.13358,1565
34.1494867,-118.13354,1566
34.1494883,-118.13332,1567
34.1494863,-118.13289,1568
34.1495151,-118.13156,1569
34.1495123,-118.131,1570
34.1479494,-118.13147,1571
34.1479368,-118.13159,1572
34.1479263,-118.13175,1573
34.1478489,-118.13285,1574
34.1478532,-118.13308,1575
34.1478496,-118.13356,1576
34.1478436,-118.13363,1577
34.1478439,-118.13415,1578
34.1478423,-118.13424,1579
34.1478406,-118.13492,1580
34.1477704,-118.13573,1581
34.1476473,-118.13605,1582
34.1474065,-118.13654,1583
34.1473605,-118.1367,1584
34.1425299,-118.1435,1585
34.1473322,-118.13716,1586
34.1473322,-118.13726,1587
34.147331,-118.13749,1588
34.1473286,-118.13803,1589
34.1473235,-118.1382,1590
34.1473239,-118.1387,1591
34.1473208,-118.13894,1592
34.1473086,-118.13937,1593
34.147292,-118.14006,1594
34.1506327,-118.13474,1595
34.1503652,-118.13474,1596
34.1498482,-118.13473,1597
34.1361401,-118.13387,1598
34.1363186,-118.13373,1599
34.1364002,-118.13387,1600
34.1367958,-118.13387,1601
34.1368458,-118.13374,1602
34.1369645,-118.13374,1603
34.137181,-118.13387,1604
34.1373501,-118.13374,1605
34.1376097,-118.13388,1606
34.137798,-118.13374,1607
34.1379836,-118.13388,1608
34.138678,-118.13375,1609
34.1386727,-118.13389,1610
34.1390714,-118.13376,1611
34.1395482,-118.13376,1612
34.1397995,-118.13376,1613
34.1399566,-118.13376,1614
34.1406498,-118.13377,1615
34.1407528,-118.13391,1616
34.1409244,-118.13377,1617
34.1411159,-118.13392,1618
34.1413563,-118.13377,1619
34.1417136,-118.13392,1620
34.1419846,-118.13392,1621
34.14212,-118.13378,1622
34.1417616,-118.13378,1623
34.1427782,-118.13393,1624
34.1428042,-118.13379,1625
34.1429348,-118.13379,1626
34.1430296,-118.13393,1627
34.1431559,-118.13393,1628
34.1435469,-118.13393,1629
34.1436107,-118.1338,1630
34.144001,-118.13394,1631
34.1444109,-118.13394,1632
34.1447646,-118.13381,1633
34.1449432,-118.13395,1634
34.1449597,-118.13381,1635
34.1452241,-118.13396,1636
34.1454771,-118.13396,1637
34.1455003,-118.13381,1638
34.145732,-118.13396,1639
34.1456946,-118.13381,1640
34.1460562,-118.13396,1641
34.1462733,-118.13382,1642
34.1463945,-118.13396,1643
34.1465633,-118.13383,1644
34.1468756,-118.13383,1645
34.1469441,-118.13397,1646
34.1470114,-118.13383,1647
34.1480043,-118.13398,1648
34.1483611,-118.13384,1649
34.1485016,-118.13398,1650
34.1486385,-118.13384,1651
34.1489221,-118.13544,1652
34.1492376,-118.13385,1653
34.1485303,-118.13544,1654
34.1479595,-118.13543,1655
34.1474272,-118.13531,1656
34.1464787,-118.13531,1657
34.1460459,-118.1353,1658
34.1455054,-118.1353,1659
34.144868,-118.13529,1660
34.144215,-118.1353,1661
34.1439974,-118.13529,1662
34.1437448,-118.13529,1663
34.1497519,-118.1346,1664
34.1500625,-118.1346,1665
34.1503709,-118.1346,1666
34.1506321,-118.13459,1667
34.1511026,-118.13459,1668
34.1435282,-118.13528,1669
34.1433752,-118.13528,1670
34.1430671,-118.13528,1671
34.1421461,-118.13527,1672
34.1412319,-118.13526,1673
34.1407698,-118.13525,1674
34.1402151,-118.13524,1675
34.1399687,-118.13524,1676
34.1396923,-118.13524,1677
34.1393182,-118.13524,1678
34.1389946,-118.13523,1679
34.1387414,-118.13523,1680
34.138533,-118.13523,1681
34.1379307,-118.13523,1682
34.1374807,-118.13522,1683
34.1365767,-118.13521,1684
34.1362109,-118.13521,1685
34.1364252,-118.13507,1686
34.1372841,-118.13507,1687
34.1377236,-118.13508,1688
34.138633,-118.13509,1689
34.1391062,-118.13509,1690
34.1396537,-118.1351,1691
34.1401865,-118.1351,1692
34.140687,-118.1351,1693
34.1410283,-118.13511,1694
34.141443,-118.13511,1695
34.1418988,-118.13512,1696
34.142253,-118.13512,1697
34.142852,-118.13513,1698
34.1432097,-118.13513,1699
34.1436758,-118.13513,1700
34.1442094,-118.13514,1701
34.1448663,-118.13515,1702
34.1454903,-118.13515,1703
34.1462186,-118.13516,1704
34.1466715,-118.13516,1705
34.147184,-118.13516,1706
34.1484817,-118.13532,1707
34.1364724,-118.13675,1708
34.1368401,-118.13674,1709
34.1374092,-118.13675,1710
34.1378051,-118.13676,1711
34.1382253,-118.13676,1712
34.1386712,-118.13676,1713
34.1391542,-118.13677,1714
34.1395921,-118.13677,1715
34.1400212,-118.13678,1716
34.1408753,-118.13678,1717
34.1412767,-118.13679,1718
34.1417374,-118.13679,1719
34.1421194,-118.1368,1720
34.1421857,-118.1368,1721
34.1428721,-118.1368,1722
34.1430388,-118.1368,1723
34.1432294,-118.13681,1724
34.1433887,-118.13681,1725
34.1437377,-118.13681,1726
34.144748,-118.13682,1727
34.1451088,-118.13682,1728
34.1454121,-118.13682,1729
34.1456202,-118.13683,1730
34.1461592,-118.13684,1731
34.146422,-118.13684,1732
34.1465609,-118.13684,1733
34.1467725,-118.13684,1734
34.1468957,-118.13684,1735
34.147736,-118.13685,1736
34.1483348,-118.13686,1737
34.14881,-118.13686,1738
34.1492213,-118.13686,1739
34.1499304,-118.13687,1740
34.1501478,-118.13687,1741
34.1503966,-118.13687,1742
34.1507777,-118.13704,1743
34.1501551,-118.13699,1744
34.1491584,-118.13698,1745
34.148647,-118.13698,1746
34.1485476,-118.13698,1747
34.1483849,-118.13697,1748
34.148108,-118.13697,1749
34.1475223,-118.13697,1750
34.1469991,-118.13697,1751
34.1466598,-118.13696,1752
34.1461577,-118.13695,1753
34.145332,-118.13695,1754
34.1448776,-118.13695,1755
34.1441286,-118.13694,1756
34.1439418,-118.13694,1757
34.1435169,-118.13694,1758
34.1432759,-118.13693,1759
34.142942,-118.13693,1760
34.1422014,-118.13693,1761
34.1419653,-118.13692,1762
34.1414956,-118.13692,1763
34.1410835,-118.13692,1764
34.140666,-118.13691,1765
34.1398039,-118.1369,1766
34.139377,-118.1369,1767
34.1388753,-118.1369,1768
34.1384455,-118.13689,1769
34.1380033,-118.13689,1770
34.1376222,-118.13688,1771
34.1371309,-118.13688,1772
34.1366577,-118.13687,1773
34.1362382,-118.13687,1774
34.1359991,-118.13824,1775
34.1361675,-118.13825,1776
34.1365492,-118.13824,1777
34.1373499,-118.13825,1778
34.1381474,-118.13826,1779
34.1389437,-118.13827,1780
34.1393572,-118.13827,1781
34.1402067,-118.13828,1782
34.140776,-118.13829,1783
34.1408999,-118.13829,1784
34.1413004,-118.13829,1785
34.1417013,-118.13829,1786
34.1422447,-118.1383,1787
34.142917,-118.1383,1788
34.1433148,-118.13831,1789
34.143574,-118.13831,1790
34.143934,-118.13831,1791
34.1441886,-118.13832,1792
34.1442696,-118.13832,1793
34.1447394,-118.13832,1794
34.1451277,-118.13833,1795
34.1455124,-118.13833,1796
34.1462217,-118.13833,1797
34.1463461,-118.13833,1798
34.1466592,-118.13834,1799
34.1468957,-118.13834,1800
34.147952,-118.13835,1801
34.1485436,-118.13835,1802
34.149083,-118.13836,1803
34.1492596,-118.13836,1804
34.1499763,-118.13837,1805
34.1505595,-118.13837,1806
34.1509642,-118.13837,1807
34.1494361,-118.13532,1808
34.1499703,-118.1385,1809
34.1491607,-118.13849,1810
34.1482769,-118.13849,1811
34.1478291,-118.13848,1812
34.1474522,-118.13848,1813
34.1465049,-118.13847,1814
34.1464172,-118.13847,1815
34.1461441,-118.13847,1816
34.1454974,-118.13846,1817
34.1453113,-118.13846,1818
34.144764,-118.13846,1819
34.1441751,-118.13845,1820
34.1436735,-118.13845,1821
34.1433831,-118.13844,1822
34.143103,-118.13844,1823
34.1427875,-118.13844,1824
34.1422001,-118.13843,1825
34.1415002,-118.13843,1826
34.1406496,-118.13842,1827
34.139926,-118.13841,1828
34.1391856,-118.13841,1829
34.138809,-118.1384,1830
34.1379427,-118.13839,1831
34.1375433,-118.13839,1832
34.1371629,-118.13838,1833
34.1367462,-118.13838,1834
34.1363256,-118.13838,1835
34.1510296,-118.13852,1836
34.1504847,-118.13851,1837
34.1510394,-118.14001,1838
34.1509274,-118.14001,1839
34.1505242,-118.14001,1840
34.1501698,-118.14,1841
34.149995,-118.14,1842
34.1497816,-118.14,1843
34.1492732,-118.14004,1844
34.1489285,-118.14003,1845
34.1486881,-118.14004,1846
34.1361675,-118.13961,1847
34.1364508,-118.13961,1848
34.1372306,-118.13962,1849
34.1377087,-118.13962,1850
34.1381521,-118.13963,1851
34.1385975,-118.13963,1852
34.1387017,-118.13963,1853
34.1390114,-118.13964,1854
34.1394611,-118.13964,1855
34.1399415,-118.13964,1856
34.1399773,-118.13964,1857
34.1407893,-118.13965,1858
34.1411832,-118.13965,1859
34.1415479,-118.13966,1860
34.1419929,-118.13966,1861
34.1422777,-118.13967,1862
34.1428183,-118.13967,1863
34.1433596,-118.13967,1864
34.1438211,-118.13968,1865
34.1440694,-118.13967,1866
34.1443869,-118.13968,1867
34.1448904,-118.13966,1868
34.1452972,-118.13966,1869
34.1455226,-118.13966,1870
34.126831,-118.15042,1871
34.1445263,-118.15538,1872
34.144489,-118.15496,1873
34.1444482,-118.15452,1874
34.1444468,-118.15423,1875
34.1444293,-118.15386,1876
34.144424,-118.15345,1877
34.1444259,-118.15309,1878
34.1444288,-118.15264,1879
34.1444347,-118.15223,1880
34.1444356,-118.15189,1881
34.1444376,-118.15172,1882
34.1444371,-118.15141,1883
34.14444,-118.15081,1884
34.144441,-118.15068,1885
34.1444461,-118.15022,1886
34.1444482,-118.14974,1887
34.1366289,-118.13216,1888
34.1373371,-118.13216,1889
34.1444507,-118.14929,1890
34.1444512,-118.14913,1891
34.1444563,-118.14867,1892
34.1444583,-118.1483,1893
34.144437,-118.14787,1894
34.144439,-118.14786,1895
34.14444,-118.14683,1896
34.1444426,-118.14636,1897
34.1444451,-118.14616,1898
34.1444522,-118.14561,1899
34.1444527,-118.14541,1900
34.1444522,-118.14519,1901
34.1444522,-118.14504,1902
34.1444527,-118.14471,1903
34.1444502,-118.14383,1904
34.1444487,-118.14362,1905
34.1444482,-118.14342,1906
34.1444482,-118.14322,1907
34.1444527,-118.14275,1908
34.1444563,-118.14252,1909
34.1444578,-118.14238,1910
34.1444639,-118.14186,1911
34.1444889,-118.14102,1912
34.1444899,-118.14091,1913
34.144495,-118.14058,1914
34.1445011,-118.14027,1915
34.1445041,-118.14008,1916
34.1445184,-118.13922,1917
34.144524,-118.13887,1918
34.1445296,-118.13799,1919
34.1445245,-118.13785,1920
34.1444889,-118.1374,1921
34.1444614,-118.13638,1922
34.1444619,-118.13606,1923
34.1444624,-118.13572,1924
34.144468,-118.1347,1925
34.1444726,-118.13433,1926
34.1444741,-118.13415,1927
34.1444751,-118.13373,1928
34.1444761,-118.13357,1929
34.1444767,-118.1334,1930
34.1444802,-118.13307,1931
34.1444833,-118.13254,1932
34.1444889,-118.13176,1933
34.144494,-118.13136,1934
34.1445697,-118.15376,1935
34.1445701,-118.15353,1936
34.1445717,-118.15327,1937
34.1445772,-118.15242,1938
34.144572,-118.15143,1939
34.1445838,-118.15099,1940
34.144587,-118.15069,1941
34.144589,-118.14999,1942
34.144596,-118.14902,1943
34.1445964,-118.14855,1944
34.1445972,-118.14843,1945
34.1445992,-118.14831,1946
34.1445811,-118.14808,1947
34.1445862,-118.14764,1948
34.1445866,-118.14705,1949
34.1446047,-118.14657,1950
34.1446106,-118.14614,1951
34.1445937,-118.1456,1952
34.1446244,-118.14513,1953
34.1446248,-118.14497,1954
34.1446224,-118.14483,1955
34.144624,-118.14472,1956
34.1445996,-118.1444,1957
34.1446004,-118.14419,1958
34.1446016,-118.14388,1959
34.144632,-118.14357,1960
34.1446335,-118.14344,1961
34.1446321,-118.14332,1962
34.1446411,-118.14246,1963
34.1446325,-118.14195,1964
34.1446364,-118.14158,1965
34.1446391,-118.14092,1966
34.1446415,-118.14061,1967
34.144647,-118.14026,1968
34.1446627,-118.13922,1969
34.1446683,-118.13888,1970
34.1446663,-118.13779,1971
34.1446077,-118.13702,1972
34.1446047,-118.13645,1973
34.1446063,-118.13604,1974
34.1446086,-118.13568,1975
34.1446138,-118.13494,1976
34.1446118,-118.13458,1977
34.1446313,-118.13374,1978
34.1446257,-118.13357,1979
34.1446261,-118.1333,1980
34.1446285,-118.1328,1981
34.1446356,-118.13256,1982
34.1446293,-118.13218,1983
34.1446341,-118.13188,1984
34.1446432,-118.13139,1985
34.1446523,-118.1303,1986
34.1391218,-118.13218,1987
34.1393932,-118.13218,1988
34.1397492,-118.13218,1989
34.1401029,-118.13219,1990
34.1401651,-118.13219,1991
34.1411003,-118.1322,1992
34.1412471,-118.1322,1993
34.1414611,-118.1322,1994
34.1419076,-118.13221,1995
34.1419694,-118.13221,1996
34.1422212,-118.13221,1997
34.1430852,-118.13221,1998
34.143835,-118.13222,1999
34.1441155,-118.13223,2000
34.1442403,-118.13222,2001
34.1499521,-118.13227,2002
34.1501724,-118.13227,2003
34.1514757,-118.1326,2004
34.1513633,-118.13259,2005
34.1509264,-118.13255,2006
34.1507244,-118.13255,2007
34.1499553,-118.13254,2008
34.1448567,-118.15229,2009
34.1442104,-118.15243,2010
34.144008,-118.15243,2011
34.1438847,-118.15242,2012
34.1432304,-118.15242,2013
34.142712,-118.15241,2014
34.1420869,-118.15241,2015
34.1417314,-118.15241,2016
34.1414579,-118.15241,2017
34.1411855,-118.1524,2018
34.14098,-118.15227,2019
34.1412685,-118.15228,2020
34.1415201,-118.15228,2021
34.1421631,-118.15229,2022
34.1425313,-118.15229,2023
34.1432259,-118.15229,2024
34.1437629,-118.1523,2025
34.1440975,-118.1523,2026
34.1446933,-118.15217,2027
34.14482,-118.15217,2028
34.1450309,-118.15217,2029
34.1452071,-118.15217,2030
34.1453503,-118.15218,2031
34.1454943,-118.15218,2032
34.1463374,-118.15218,2033
34.1466628,-118.15219,2034
34.1475998,-118.15179,2035
34.1476003,-118.15164,2036
34.1475573,-118.15029,2037
34.1475602,-118.14984,2038
34.1475647,-118.14951,2039
34.1475696,-118.14852,2040
34.1475711,-118.14829,2041
34.1475785,-118.14802,2042
34.1475376,-118.14726,2043
34.1475499,-118.14698,2044
34.1475539,-118.14682,2045
34.1475583,-118.14635,2046
34.1475347,-118.14563,2047
34.1475362,-118.1454,2048
34.1475381,-118.14516,2049
34.1475406,-118.14493,2050
34.1510876,-118.14527,2051
34.1509085,-118.14526,2052
34.1504179,-118.14526,2053
34.1492293,-118.14441,2054
34.1489872,-118.1444,2055
34.1489097,-118.1444,2056
34.1480954,-118.14448,2057
34.1478664,-118.14459,2058
34.1477565,-118.14471,2059
34.1475421,-118.1447,2060
34.147434,-118.14458,2061
34.1471951,-118.14447,2062
34.1470516,-118.14447,2063
34.1465419,-118.14437,2064
34.1463431,-118.14437,2065
34.1461502,-118.14437,2066
34.1463605,-118.14417,2067
34.1461682,-118.14416,2068
34.1465535,-118.14417,2069
34.1467424,-118.14417,2070
34.1472067,-118.1441,2071
34.1474503,-118.14415,2072
34.1475595,-118.14412,2073
34.1477501,-118.14412,2074
34.1478379,-118.14417,2075
34.1479315,-118.1441,2076
34.1480134,-118.14411,2077
34.1488619,-118.14419,2078
34.1490427,-118.14419,2079
34.1364394,-118.14723,2080
34.1367389,-118.14723,2081
34.1369785,-118.14723,2082
34.1372385,-118.14724,2083
34.1375077,-118.14724,2084
34.1377818,-118.14724,2085
34.1384761,-118.14724,2086
34.1390584,-118.14725,2087
34.139298,-118.14725,2088
34.1395653,-118.14727,2089
34.1398292,-118.14728,2090
34.1403656,-118.14728,2091
34.1412367,-118.14729,2092
34.1418288,-118.1473,2093
34.1421241,-118.1473,2094
34.1426915,-118.14731,2095
34.142988,-118.14731,2096
34.1432643,-118.14732,2097
34.1435073,-118.14731,2098
34.1437731,-118.14732,2099
34.1441017,-118.14732,2100
34.145028,-118.14739,2101
34.14548,-118.1474,2102
34.1470559,-118.14755,2103
34.1473341,-118.14756,2104
34.1474636,-118.14777,2105
34.1471767,-118.14777,2106
34.1470025,-118.14777,2107
34.1464162,-118.14776,2108
34.1461039,-118.14776,2109
34.144113,-118.1476,2110
34.1435547,-118.1476,2111
34.143267,-118.14759,2112
34.1429819,-118.14759,2113
34.1426931,-118.14759,2114
34.142405,-118.14759,2115
34.1414472,-118.14758,2116
34.141234,-118.14758,2117
34.1402429,-118.14756,2118
34.1400939,-118.14756,2119
34.1398132,-118.14756,2120
34.1395498,-118.14755,2121
34.1392819,-118.14752,2122
34.1390146,-118.14752,2123
34.1387395,-118.14752,2124
34.1386658,-118.14752,2125
34.1379984,-118.14751,2126
34.1378862,-118.14751,2127
34.1377707,-118.14751,2128
34.1374983,-118.14751,2129
34.1372293,-118.14751,2130
34.1369765,-118.1475,2131
34.136731,-118.1475,2132
34.1355025,-118.14749,2133
34.1406737,-118.1534,2134
34.1406754,-118.15311,2135
34.1406748,-118.15277,2136
34.1406771,-118.15217,2137
34.1406795,-118.15176,2138
34.1406701,-118.15124,2139
34.1406197,-118.15088,2140
34.1405753,-118.1506,2141
34.1404864,-118.15005,2142
34.1404883,-118.14954,2143
34.1404923,-118.14905,2144
34.1404966,-118.14849,2145
34.1404344,-118.14799,2146
34.1404946,-118.14833,2147
34.140425,-118.14666,2148
34.1404203,-118.14635,2149
34.1403778,-118.14607,2150
34.1403054,-118.14558,2151
34.1402853,-118.14474,2152
34.1402885,-118.14392,2153
34.1402912,-118.14348,2154
34.1402999,-118.14222,2155
34.1403073,-118.14105,2156
34.1403089,-118.14066,2157
34.1403081,-118.14046,2158
34.1403113,-118.1399,2159
34.1403152,-118.13944,2160
34.1403172,-118.13906,2161
34.1403207,-118.13855,2162
34.1403211,-118.13821,2163
34.1403239,-118.13775,2164
34.140327,-118.1375,2165
34.1403077,-118.13645,2166
34.1403089,-118.13616,2167
34.1403121,-118.13588,2168
34.1403313,-118.13398,2169
34.1403636,-118.13327,2170
34.1403782,-118.13277,2171
34.147303,-118.14051,2172
34.1473164,-118.14091,2173
34.147328,-118.14165,2174
34.1472487,-118.14197,2175
34.1470906,-118.14231,2176
34.1470244,-118.14264,2177
34.1470266,-118.14328,2178
34.14686,-118.14482,2179
34.1468578,-118.14503,2180
34.1468759,-118.14624,2181
34.1468764,-118.14655,2182
34.1468705,-118.14735,2183
34.1468405,-118.14813,2184
34.1468381,-118.14845,2185
34.1468376,-118.14861,2186
34.1468307,-118.14908,2187
34.1468312,-118.14959,2188
34.1468292,-118.14987,2189
34.1468253,-118.14994,2190
34.1468258,-118.15016,2191
34.1359522,-118.15401,2192
34.1362002,-118.15402,2193
34.1374848,-118.15403,2194
34.1376792,-118.15403,2195
34.1379794,-118.15403,2196
34.1388441,-118.15403,2197
34.1389831,-118.15403,2198
34.1397419,-118.15403,2199
34.1399324,-118.15404,2200
34.140209,-118.15404,2201
34.1405048,-118.15404,2202
34.1414152,-118.15405,2203
34.1417191,-118.15405,2204
34.1419746,-118.15406,2205
34.1421372,-118.15406,2206
34.1425196,-118.15406,2207
34.1427049,-118.15406,2208
34.1429171,-118.15406,2209
34.1431404,-118.15407,2210
34.1434573,-118.15407,2211
34.1437866,-118.15407,2212
34.1441489,-118.15408,2213
34.1448396,-118.15408,2214
34.145122,-118.15408,2215
34.1454273,-118.15409,2216
34.1460105,-118.15409,2217
34.1461352,-118.15409,2218
34.1463453,-118.1541,2219
34.1470739,-118.1541,2220
34.1473693,-118.1541,2221
34.1477217,-118.15411,2222
34.1479181,-118.15411,2223
34.1482002,-118.15408,2224
34.1484809,-118.15409,2225
34.1489227,-118.15405,2226
34.1495404,-118.15363,2227
34.1421808,-118.14688,2228
34.1421825,-118.14655,2229
34.1421855,-118.14628,2230
34.142153,-118.14538,2231
34.1421364,-118.14504,2232
34.1421099,-118.14471,2233
34.1420793,-118.14435,2234
34.1420524,-118.14264,2235
34.1420378,-118.14227,2236
34.1420351,-118.14178,2237
34.1420489,-118.1412,2238
34.1421567,-118.14063,2239
34.1423343,-118.14009,2240
34.1424601,-118.13938,2241
34.1424639,-118.1387,2242
34.1424686,-118.13806,2243
34.1424686,-118.13777,2244
34.1424689,-118.13725,2245
34.1424619,-118.13611,2246
34.1424659,-118.1356,2247
34.1424704,-118.1349,2248
34.1424714,-118.13435,2249
34.1424576,-118.13365,2250
34.1424564,-118.1332,2251
34.1424284,-118.13295,2252
34.1424381,-118.13272,2253
34.1424566,-118.13251,2254
34.1424671,-118.13208,2255
34.1424721,-118.13141,2256
34.1424704,-118.13113,2257
34.1456462,-118.15383,2258
34.1456514,-118.1537,2259
34.1456594,-118.15348,2260
34.1456668,-118.15319,2261
34.1456675,-118.15301,2262
34.1456704,-118.1528,2263
34.14567,-118.15272,2264
34.14567,-118.15261,2265
34.1456739,-118.15195,2266
34.1456752,-118.15172,2267
34.1456745,-118.15099,2268
34.1456723,-118.15081,2269
34.1456768,-118.15007,2270
34.1456855,-118.14974,2271
34.1456887,-118.14947,2272
34.1456894,-118.14938,2273
34.1456897,-118.14927,2274
34.1456913,-118.14914,2275
34.1457055,-118.14854,2276
34.1457058,-118.14832,2277
34.1457068,-118.1482,2278
34.145708,-118.14804,2279
34.1457087,-118.14786,2280
34.14571,-118.1478,2281
34.1457145,-118.14713,2282
34.1457174,-118.14697,2283
34.145719,-118.14645,2284
34.1457225,-118.14562,2285
34.1457251,-118.14503,2286
34.1457241,-118.14519,2287
34.1457274,-118.14481,2288
34.1457277,-118.14464,2289
34.1457287,-118.14456,2290
34.1457551,-118.14415,2291
34.1457345,-118.14375,2292
34.1457454,-118.14198,2293
34.1457506,-118.14114,2294
34.1457525,-118.14091,2295
34.1457541,-118.1406,2296
34.1457557,-118.14027,2297
34.1457602,-118.13945,2298
34.1457623,-118.13924,2299
34.1457644,-118.13886,2300
34.1457683,-118.13814,2301
34.1457694,-118.13784,2302
34.1457729,-118.13744,2303
34.1457772,-118.13659,2304
34.1457768,-118.13641,2305
34.1457807,-118.136,2306
34.1457811,-118.13556,2307
34.1457843,-118.13494,2308
34.1457878,-118.13481,2309
34.1457889,-118.13445,2310
34.1457924,-118.1336,2311
34.1457938,-118.13337,2312
34.1458037,-118.13196,2313
34.1458076,-118.13156,2314
34.1458094,-118.13115,2315
34.1478608,-118.13076,2316
34.1478199,-118.131,2317
34.1477974,-118.13125,2318
34.1477187,-118.13185,2319
34.1476924,-118.1328,2320
34.1476913,-118.13294,2321
34.1476874,-118.13364,2322
34.1476828,-118.1341,2323
34.1476792,-118.13462,2324
34.1476767,-118.13489,2325
34.1476123,-118.1357,2326
34.1473598,-118.13621,2327
34.1472626,-118.13644,2328
34.1471693,-118.1372,2329
34.1471679,-118.13751,2330
34.1471672,-118.13775,2331
34.1471608,-118.13872,2332
34.1471498,-118.13919,2333
34.1471419,-118.13941,2334
34.1471359,-118.14028,2335
34.1471501,-118.1408,2336
34.1470472,-118.1419,2337
34.146924,-118.14223,2338
34.1468521,-118.14256,2339
34.1468464,-118.14278,2340
34.1468353,-118.14349,2341
34.1468343,-118.14364,2342
34.1467517,-118.14462,2343
34.1467481,-118.14548,2344
34.1467314,-118.14636,2345
34.146731,-118.14674,2346
34.1467278,-118.14712,2347
34.1467332,-118.14812,2348
34.1467292,-118.14876,2349
34.1467235,-118.1493,2350
34.14672,-118.14988,2351
34.1467125,-118.15095,2352
34.1467139,-118.1511,2353
34.1467111,-118.15133,2354
34.1467097,-118.15158,2355
34.1467082,-118.15183,2356
34.1466577,-118.15283,2357
34.1466548,-118.15314,2358
34.146653,-118.15342,2359
34.1336317,-118.15026,2360
34.1505391,-118.15067,2361
34.1503083,-118.15068,2362
34.1499422,-118.15068,2363
34.1493527,-118.15068,2364
34.1492887,-118.15068,2365
34.1491676,-118.15068,2366
34.1488028,-118.15068,2367
34.1484765,-118.15068,2368
34.1482012,-118.15069,2369
34.1479246,-118.15069,2370
34.1478607,-118.15069,2371
34.1472765,-118.15068,2372
34.1470154,-118.15068,2373
34.1469118,-118.15068,2374
34.146391,-118.15056,2375
34.1461652,-118.15056,2376
34.1452801,-118.15055,2377
34.1452043,-118.15055,2378
34.1447743,-118.15055,2379
34.1443006,-118.15058,2380
34.1438862,-118.15058,2381
34.1427592,-118.15057,2382
34.1419197,-118.15056,2383
34.140345,-118.15054,2384
34.1395055,-118.15053,2385
34.139107,-118.15053,2386
34.1387166,-118.15053,2387
34.1381165,-118.15052,2388
34.1380281,-118.15052,2389
34.137721,-118.15052,2390
34.1371601,-118.15051,2391
34.1369789,-118.15051,2392
34.1366718,-118.15051,2393
34.1354098,-118.1505,2394
34.1351613,-118.1505,2395
34.13431,-118.15049,2396
34.1338608,-118.15048,2397
34.13322,-118.15048,2398
34.1327887,-118.15048,2399
34.1313693,-118.15046,2400
34.1303807,-118.15045,2401
34.1297399,-118.15045,2402
34.1283579,-118.15044,2403
34.1277225,-118.15043,2404
34.1491982,-118.13253,2405
34.1485005,-118.13253,2406
34.148085,-118.13252,2407
34.1475492,-118.13251,2408
34.1472268,-118.13251,2409
34.1467264,-118.13251,2410
34.1453507,-118.13253,2411
34.1451518,-118.13249,2412
34.1448274,-118.13249,2413
34.1443061,-118.13248,2414
34.1440218,-118.13248,2415
34.1438214,-118.13247,2416
34.143686,-118.13247,2417
34.1433819,-118.13247,2418
34.1432788,-118.13247,2419
34.1431178,-118.13247,2420
34.1428934,-118.13246,2421
34.142293,-118.13246,2422
34.1419743,-118.13245,2423
34.1416671,-118.13245,2424
34.1413973,-118.13245,2425
34.1412473,-118.13245,2426
34.1410297,-118.13245,2427
34.1409365,-118.13245,2428
34.1401809,-118.13244,2429
34.1399028,-118.13244,2430
34.1395893,-118.13243,2431
34.1394331,-118.13243,2432
34.1392201,-118.13243,2433
34.1389503,-118.13243,2434
34.1387097,-118.13242,2435
34.1385004,-118.13242,2436
34.1375614,-118.13241,2437
34.1373828,-118.13241,2438
34.1372755,-118.13241,2439
34.1371396,-118.13241,2440
34.1369037,-118.1324,2441
34.1367565,-118.13241,2442
34.136618,-118.13241,2443
34.1364227,-118.13241,2444
34.1362807,-118.1324,2445
34.1507583,-118.15068,2446
34.138389,-118.14985,2447
34.1383291,-118.15,2448
34.1383335,-118.14929,2449
34.1383779,-118.14921,2450
34.1490083,-118.1497378,2450
34.14495805,-118.1496259,2451
34.14492413,-118.1530307,2452
34.1468847,-118.1474758,2453
34.1444075,-118.1415525,2454
34.14467383,-118.1461214,2455
34.145199,-118.1458314,2456
34.1485703,-118.141628,2457
34.14308271,-118.147616,2458
34.14526471,-118.1378014,2459
34.14784108,-118.1368252,2460
34.13794569,-118.1313157,2461
34.14102407,-118.1314155,2462