lat,lon,id,Sign
34.14602536,-118.1297967,908, 1 hr parking 9am-6pm
34.14602208,-118.1301802,909, 1 hr parking 9am-6pm
34.1460192,-118.1307067,910, bus stop metro
34.14601345,-118.131124,911, handicap parking only
34.14601689,-118.1313746,912, 1 hr parking 9am-6pm
34.14600922,-118.1315707,913, passenger loading only
34.14600391,-118.1327347,914, bus stop metro
34.14600539,-118.1330687,915, bus stop metro
34.14600185,-118.1332755,916, 1 hr parking 9am-6pm
34.14599831,-118.1341779,917, bus stop metro
34.14599683,-118.134329,918, 1 hr parking 9am-6pm
34.14599506,-118.134631,919, 1 hr parking 9am-6pm
34.1459924,-118.1348353,920, 1 hr parking 9am-6pm
34.14598916,-118.1355391,921, bus stop metro
34.14598827,-118.1357876,922, 1 hr parking 9am-6pm
34.14598591,-118.1362165,923, 1 hr parking 9am-6pm
34.14598444,-118.1364065,924, 1 hr parking 9am-6pm
34.14597972,-118.1371983,925, bus stop metro
34.14597736,-118.1372646,926, no parking 5pm-12am daily
34.14597765,-118.1374436,927, no parking 5pm-12am daily
34.1459747,-118.1378401,928, 1 hr parking 9am-6pm
34.14597116,-118.1386636,929, bus stop metro
34.14596909,-118.1388597,930, 1 hr parking 9am-6pm
34.14596644,-118.139238,931, 1 hr parking 9am-6pm
34.14596231,-118.1401318,932, bus stop metro
34.14596062,-118.1402632,933, 1 hr parking 9am-6pm
34.14595933,-118.1405458,934, 1 hr parking 9am-6pm
34.14595673,-118.140914,935, 1 hr parking 9am-6pm
34.14595154,-118.1418789,936, bus stop metro
34.1459505,-118.142042,937, bus stop metro
34.14594842,-118.1424017,938, 1 hr parking 7am-8pm
34.1459479,-118.1425526,939, parking direction
34.14594427,-118.1432797,940, bus stop metro
34.14594141,-118.1434773,941, 1 hr parking 7am-8pm
34.14594089,-118.1436432,942, 1 hr parking 7am-8pm
34.14593207,-118.1447281,943, bus stop metro
34.14592921,-118.145124,944, 1 hr parking 7am-8pm
34.14592454,-118.1458435,945, parking direction
34.14592324,-118.1464618,946, bus stop metro
34.14592194,-118.1467155,947, 2 hr parking 8am-8pm
34.14591857,-118.1471044,948, 2 hr parking 8am-8pm
34.1458988,-118.1481031,949, bus stop metro
34.14589732,-118.148326,950, 2 hr parking
34.14589683,-118.148534,951, 2 hr parking
34.14588183,-118.1491808,952, bus stop metro
34.14588085,-118.1496454,953, 2 hr parking
34.14587593,-118.149895,954, 2 hr parking
34.14587913,-118.1507518,955, bus stop metro
34.14586978,-118.1511847,956, 2 hr parking
34.1458661,-118.1516713,957, 2 hr parking
34.14586561,-118.1518903,958, 2 hr parking
34.14586418,-118.1525238,959, bus stop metro
34.14586034,-118.1527951,960, 2 hr parking
34.14585916,-118.1529993,961, 2 hr parking
34.14585739,-118.1534867,962, pay direction
34.14585946,-118.1535773,963, pay direction
34.14586388,-118.153722,964, 2 hr parking
34.13635946,-118.1487005,965, bus stop metro
34.13768677,-118.1487153,966, 2 hr parking 9am-6pm
34.14014185,-118.1487381,967, no parking anytime
34.14076601,-118.1487429,968, no stopping anytime
34.1409235,-118.1487538,969, no stopping anytime (TOW AWAY)
34.14116679,-118.1487573,970, no parking 11am-4pm
34.14131994,-118.1487556,971, no parking 11am-4pm
34.14152268,-118.1487608,972, no stopping anytime (TOW AWAY)
34.14163781,-118.1487582,973, bus stop metro
34.14203207,-118.1487617,974, no stopping anytime (TOW AWAY)
34.14216349,-118.1487639,975, passenger loading only
34.142418,-118.1487661,976, passenger loading only
34.14271089,-118.1487669,977, 4 hr parking
34.14331476,-118.1487766,978, 4 hr parking
34.14387664,-118.1487818,979, parking direction
34.14437768,-118.1487849,980, bus stop metro
34.14476216,-118.1487888,981, 2 hr parking
34.14499204,-118.1487888,982, 2 hr parking
34.14521577,-118.1487927,983, 2 hr parking
34.14594163,-118.1487976,984, parking direction
34.14618853,-118.1488011,985, 2 hr parking
34.1463804,-118.1488024,986, 2 hr parking
34.14667689,-118.1488054,987, bus stop metro
34.14713123,-118.1488107,988, 2 hr parking
34.14740559,-118.1488133,989, 2 hr parking
34.14788122,-118.1488172,990, bus stop metro
34.14822584,-118.1488197,991, 4 hr parking
34.14902985,-118.1488264,992, bus stop foothill
34.15072669,-118.1461307,993, no stopping anytime
34.15031723,-118.1461085,994, no stopping anytime
34.14983271,-118.1461009,995, no stopping anytime
34.14848201,-118.146085,996, 2 hr parking 7am-6pm
34.14738537,-118.1460914,997, no parking 7am-9am
34.14726201,-118.1460939,998, no parking 7am-9am
34.14636799,-118.1461206,999, no stopping anytime
34.14607926,-118.1461174,1000, no stopping anytime
34.14565245,-118.1461294,1001, no stopping anytime
34.14523563,-118.1461244,1002, no stopping anytime
34.14478205,-118.146106,1003, no stopping anytime
34.14389903,-118.1460781,1004, 15 min parking 6am-6pm ex Sat Sun
34.14333309,-118.1460705,1005, 15 min parking 6am-6pm ex Sat Sun
34.1428837,-118.1460666,1006, 15 min parking 6am-6pm ex Sat Sun
34.14262803,-118.146028,1007, no stopping anytime
34.1413878,-118.146019,1008, 2 hr parking 9am-4pm
34.14118738,-118.146019,1009, 2 hr parking 9am-4pm
34.14030049,-118.1460147,1010, 2 hr parking 9am-6pm
34.13992965,-118.1460125,1011, 2 hr parking 9am-6pm
34.1395168,-118.1460067,1012, 2 hr parking 9am-4pm
34.13899894,-118.1459995,1013, 2 hr parking 9am-6pm
34.13857109,-118.1459951,1014, 2 hr parking 9am-6pm
34.13837006,-118.14599,1015, 2 hr parking 9am-6pm
34.13764156,-118.1459835,1016, 2 hr parking 9am-6pm
34.13712309,-118.1459799,1017, 2 hr parking 9am-6pm
34.13663102,-118.1459755,1018, 2 hr parking 9am-6pm
34.13618395,-118.1459705,1019, 2 hr parking 9am-6pm
34.13600359,-118.1457681,1020, 2 hr parking 9am-6pm
34.13639009,-118.1457716,1021, 2 hr parking 9am-6pm
34.13692519,-118.1457762,1022, 2 hr parking 9am-6pm
34.13737929,-118.1457816,1023, 2 hr parking 9am-6pm
34.13785795,-118.1457839,1024, 2 hr parking 9am-6pm
34.13829227,-118.1457908,1025, 2 hr parking 9am-6pm
34.13883023,-118.1457943,1026, 2 hr parking 9am-6pm
34.13926551,-118.1457993,1027, 2 hr parking 9am-6pm
34.13978465,-118.1458012,1028, 2 hr parking 9am-6pm
34.14010034,-118.1458062,1029, 2 hr parking 9am-6pm
34.14133568,-118.1458139,1030, 2 hr parking 9am-6pm
34.14168899,-118.1458159,1031, 2 hr parking 9am-6pm
34.14268738,-118.1458247,1032, no stopping anytime
34.1428347,-118.1458286,1033, no stopping anytime
34.14306683,-118.1458282,1034, no stopping anytime
34.14330917,-118.1458317,1035, no stopping anytime
34.14365419,-118.1458328,1036, no stopping anytime
34.14396285,-118.1458301,1037, no stopping anytime
34.14436303,-118.1458394,1038, no stopping anytime
34.14463247,-118.1458425,1039, no stopping anytime
34.14494368,-118.1458436,1040, no stopping anytime
34.14551316,-118.1458567,1041, no stopping anytime
34.14567897,-118.1458552,1042, no stopping anytime
34.14595797,-118.1459002,1043, no stopping anytime
34.14624686,-118.1459006,1044, no stopping anytime
34.14652458,-118.1459022,1045, no stopping anytime
34.14712785,-118.1458829,1046, no stopping anytime
34.14738836,-118.145874,1047, no stopping anytime
34.14794252,-118.145849,1048, bus stop Pasadena arts
34.1480825,-118.1458494,1049, no stopping anytime
34.14848935,-118.1458509,1050, no stopping anytime
34.14869851,-118.1458582,1051, no stopping anytime
34.14888504,-118.1458586,1052, no stopping anytime
34.1490349,-118.145859,1053, no stopping anytime
34.14936235,-118.1458602,1054, no stopping anytime
34.14974337,-118.1458864,1055, no stopping anytime
34.15011036,-118.1458902,1056, no stopping anytime
34.15053187,-118.1458794,1057, no stopping anytime
34.15095274,-118.1458598,1058, no stopping anytime
34.15092511,-118.1430688,1059, 2 hr parking 7am-6pm
34.15061017,-118.1430646,1060, 2 hr parking 7am-6pm
34.15035198,-118.1430612,1061, 2 hr parking 7am-6pm
34.14974746,-118.1430514,1062, 2 hr parking 7am-6pm
34.14924065,-118.143046,1063, 1 hr parking 7am-5pm
34.14913028,-118.143046,1064, handicap parking only
34.14853658,-118.1430402,1065, 1 hr parking 7am-5pm
34.14883037,-118.1430444,1066, 1 hr parking 7am-5pm
34.14817779,-118.1430378,1067, handicap parking only
34.14749753,-118.1430312,1068, handicap parking only
34.1467101,-118.1430266,1069, 1 hr parking 7am-5pm
34.14651831,-118.1430227,1070, 1 hr parking 7am-6pm
34.14608775,-118.1430199,1071, 1 hr parking 7am-6pm
34.14643625,-118.1428574,1072, 1 hr parking 7am-6pm
34.14670913,-118.1428574,1073, 1 hr parking 7am-6pm
34.1478087,-118.142871,1074, 15 min parking 7am-5pm
34.14802269,-118.1428714,1075, 15 min parking 7am-5pm
34.14817103,-118.142873,1076, 15 min parking 7am-5pm
34.14836636,-118.1428737,1077, handicap parking only
34.14846515,-118.1428765,1078, handicap parking only
34.14874671,-118.1428761,1079, 1 hr parking 7am-5pm
34.14902151,-118.1428784,1080, 1 hr parking 7am-5pm
34.14972912,-118.1428866,1081, 2 hr parking 7am-6pm
34.15004993,-118.1428897,1082, 2 hr parking 7am-6pm
34.15030382,-118.1428905,1083, 2 hr parking 7am-6pm
34.15069189,-118.1428944,1084, 2 hr parking 7am-6pm
34.15102428,-118.1428955,1085, 2 hr parking 7am-6pm
34.14831963,-118.1449546,1086, 1 hr parking 7am-5pm
34.14831355,-118.1455137,1087, 1 hr parking 7am-5pm
34.14832165,-118.1446346,1088, 1 hr parking 7am-5pm
34.1482847,-118.1438901,1089, 1 hr parking 7am-5pm
34.14828622,-118.1436491,1090, 1 hr parking 7am-5pm
34.14828773,-118.1434099,1091, 1 hr parking 7am-5pm
34.14828976,-118.1431652,1092, 1 hr parking 7am-5pm
34.14843354,-118.1434099,1093, 1 hr parking 7am-5pm
34.14842899,-118.1438907,1094, 1 hr parking 7am-5pm
34.14844012,-118.1446554,1095, commercial loading only
34.14843658,-118.1449662,1096, no stopping anytime (TOW AWAY)
34.14843354,-118.1453785,1097, no parking anytime
34.14843405,-118.1456532,1098, no parking anytime
34.14956351,-118.1535783,1099, no stopping anytime
34.14956579,-118.1530488,1100, no stopping anytime
34.14956905,-118.1524738,1101, no stopping anytime
34.14957068,-118.1520156,1102, no stopping anytime
34.14957263,-118.1515192,1103, no stopping anytime
34.14957068,-118.1509516,1104, no stopping anytime
34.14943288,-118.1500274,1105, bus stop metro
34.1494166,-118.1494137,1106, 2 hr parking
34.14942213,-118.1486327,1107, bus stop metro
34.14942604,-118.1481801,1108, no stopping anytime
34.14942376,-118.1479915,1109, bus stop Pasadena arts
34.14943679,-118.1475944,1110, no stopping anytime
34.14944103,-118.1470582,1111, no stopping anytime
34.14944298,-118.1464525,1112, no stopping anytime
34.14941894,-118.1456602,1113, bus stop metro
34.14942091,-118.1452856,1114, parking direction
34.14942366,-118.1449338,1115, no parking anytime
34.14942484,-118.1448007,1116, no parking anytime
34.14942563,-118.1446747,1117, no parking anytime
34.14942563,-118.1439936,1118, bus stop metro
34.14942799,-118.1438386,1119, 1 hr parking 7am-6pm
34.14945946,-118.1427481,1120, no stopping anytime
34.14946025,-118.1423336,1121, no stopping anytime
34.149439,-118.1418226,1122, no stopping anytime
34.14946654,-118.1412127,1123, no stopping anytime
34.1494689,-118.1408343,1124, no stopping anytime
34.14947126,-118.1403238,1125, no stopping anytime
34.1496357,-118.1403323,1126, no stopping anytime
34.14963767,-118.1406028,1127, no stopping anytime
34.14963649,-118.141053,1128, no stopping anytime
34.1496298,-118.141766,1129, no stopping anytime
34.14962626,-118.1419614,1130, bus stop metro
34.14962901,-118.1421021,1131, no stopping anytime
34.14962587,-118.142605,1132, no stopping anytime
34.14961918,-118.1436779,1133, no stopping anytime
34.14961603,-118.1440772,1134, bus stop metro
34.1496132,-118.1447214,1135, parking direction
34.14962201,-118.1455671,1136, no stopping anytime
34.1496154,-118.1453292,1137, no stopping anytime
34.14962774,-118.1458194,1138, no stopping anytime
34.14962142,-118.1463685,1139, bus stop metro
34.14962142,-118.1466346,1140, 2 hr parking
34.14961628,-118.1473207,1141, 2 hr parking
34.14961525,-118.1474811,1142, 2 hr parking
34.14959159,-118.1479131,1143, no stopping anytime
34.14958696,-118.1484799,1144, no stopping anytime
34.14958387,-118.1492301,1145, bus stop metro
34.14958387,-118.1494582,1146, no parking anytime
34.14975259,-118.1509138,1147, bus stop metro
34.14975516,-118.1512594,1148, no stopping anytime
34.14975053,-118.1518492,1149, no stopping anytime
34.14974796,-118.1522955,1150, no stopping anytime
34.1497459,-118.1528145,1151, no stopping anytime
34.15003719,-118.152909,1152, no parking 7am-6pm
34.15016807,-118.1526063,1153, no parking 7am-6pm
34.15028014,-118.1523131,1154, no parking 7am-9am
34.15035643,-118.15212,1155, no parking 7am-9am
34.15053466,-118.1516487,1156, no stopping anytime
34.15101659,-118.1500135,1157, no parking 7am-6pm
34.15107082,-118.1496836,1158, no parking 2am-6am on city streets except by permit
34.15110806,-118.1493708,1159, no parking 7am-6pm
34.15113662,-118.1490991,1160, no parking 7am-6pm
34.12559179,-118.1501574,1161, 3 hr parking
34.12502921,-118.1501513,1162, 3 hr parking
34.12442346,-118.1501458,1163, 3 hr parking
34.12469636,-118.1501478,1164, 3 hr parking
34.12594288,-118.1501888,1165, no stopping anytime
34.12653471,-118.1501952,1166, no stopping anytime
34.12714662,-118.1502012,1167, no stopping anytime
34.13256788,-118.1502522,1168, no stopping anytime
34.13624214,-118.1321534,1169, bus stop metro
34.13640227,-118.1321611,1170, 1 hr parking 9am-6pm
34.13676595,-118.1321633,1171, 1 hr parking 9am-6pm
34.13754237,-118.1321645,1172, 1 hr parking 9am-6pm
34.13717056,-118.1321607,1173, 1 hr parking 9am-6pm
34.13810894,-118.1321717,1174, bus stop metro
34.13835544,-118.1321746,1175, 1 hr parking 9am-6pm
34.13868229,-118.1321651,1176, pay direction
34.13878606,-118.132175,1177, 1 hr parking 9am-6pm
34.14042514,-118.1321902,1178, 1 hr parking 9am-6pm
34.1428173,-118.132214,1179, bus stop metro
34.14348478,-118.1322203,1180, 1 hr parking 9am-6pm
34.14385375,-118.1322202,1181, 1 hr parking 9am-6pm
34.14466501,-118.1322281,1182, no stopping anytime
34.14500032,-118.1322291,1183, no stopping anytime
34.14536143,-118.1322257,1184, no stopping anytime
34.14561432,-118.1322271,1185, no stopping anytime
34.14640577,-118.1322095,1186, bus stop metro
34.14699324,-118.1322415,1187, no stopping 7am-7pm ex Sat Sun
34.14742611,-118.1322422,1188, no stopping 7am-7pm ex Sat Sun
34.14818266,-118.1322512,1189, bus stop metro
34.14879765,-118.1322491,1190, no stopping 7am-7pm ex Sat Sun
34.15061783,-118.1322183,1191, no stopping anytime
34.15105474,-118.1322004,1192, no stopping anytime
34.12781607,-118.1502072,1193, bus stop metro
34.13010114,-118.1502283,1194, bus stop Pasadena arts
34.13187979,-118.1502447,1195, bus stop metro
34.13323029,-118.1502576,1196, no stopping anytime
34.13379434,-118.1502631,1197, no stopping anytime
34.13430876,-118.150267,1198, bus stop metro
34.13442196,-118.1502687,1199, no stopping anytime
34.13458296,-118.1502718,1200, no stopping anytime
34.13630736,-118.1502833,1201, bus stop metro
34.1364194,-118.1502857,1202, 1 hr parking 9am-6pm
34.13697787,-118.150291,1203, 1 hr parking 9am-6pm
34.13747758,-118.1502958,1204, 2 hr parking 9am-6pm ex Sun
34.13799889,-118.1503004,1205, 2 hr parking 9am-6pm ex Sun
34.13929149,-118.1503115,1206, 2 hr parking 9am-6pm ex Sun
34.14092479,-118.1503279,1207, bus stop metro
34.14134815,-118.1503313,1208, 4 hr parking
34.14191581,-118.1503362,1209, 4 hr parking
34.14303613,-118.1503466,1210, 4 hr parking
34.14333248,-118.1503456,1211, 4 hr parking
34.14372328,-118.1503559,1212, bus stop metro
34.14388716,-118.150347,1213, 2 hr parking
34.1450159,-118.1503638,1214, no stopping anytime
34.14540587,-118.1503674,1215, no stopping anytime
34.14616663,-118.1503947,1216, bus stop metro
34.1464194,-118.1504001,1217, no stopping anytime
34.14667874,-118.1504037,1218, bus stop metro
34.14716615,-118.1504041,1219, bus stop foothill
34.14740061,-118.1504052,1220, no stopping anytime
34.14791555,-118.1504055,1221, no stopping anytime
34.1479747,-118.150408,1222, bus stop foothill
34.14805275,-118.1504048,1223, 2 hr parking
34.14833369,-118.1504034,1224, 2 hr parking
34.14926676,-118.150398,1225, bus stop metro
34.1501316,-118.1504318,1226, no stopping anytime
34.15312921,-118.1504066,1227, no parking 2am-6am on city streets except by permit
34.15330327,-118.1504212,1228, no stopping anytime
34.15430655,-118.1504675,1229, bus stop metro
34.15458974,-118.1504725,1230, no stopping 4pm-6pm ex Sat Sun
34.15490747,-118.1504725,1231, no stopping 4pm-6pm ex Sat Sun
34.15538371,-118.1504784,1232, no stopping 4pm-6pm ex Sat Sun
34.15560509,-118.15048,1233, no stopping 4pm-6pm ex Sat Sun
34.15581886,-118.1504796,1234, no stopping 4pm-6pm ex Sat Sun
34.15810264,-118.1504834,1235, bus stop metro
34.15845938,-118.150508,1236, no stopping 4pm-6pm ex Sat Sun
34.15884444,-118.1505076,1237, no stopping 4pm-6pm ex Sat Sun
34.15931444,-118.1505138,1238, no stopping 4pm-6pm ex Sat Sun
34.15985179,-118.1505063,1239, bus stop metro
34.16019954,-118.1505109,1240, 2 hr parking
34.16076831,-118.1505126,1241, 2 hr parking
34.1613899,-118.1504487,1242, bus stop metro
34.16157189,-118.1504487,1243, 2 hr parking
34.16162956,-118.1505126,1244, 2 hr parking
34.1637533,-118.1505326,1245, bus stop metro
34.16535525,-118.1505509,1246, parking direction
34.16575644,-118.1505509,1247, 2 hr parking
34.16620679,-118.1505547,1248, 2 hr parking 9am-6pm
34.1666591,-118.150559,1249, 2 hr parking 9am-6pm
34.16717553,-118.1505618,1250, bus stop metro
34.16754603,-118.150567,1251, 2 hr parking 9am-6pm
34.16798378,-118.1505699,1252, 2 hr parking 9am-6pm
34.16914797,-118.1505861,1253, bus stop metro
34.172725,-118.1506165,1254, bus stop metro
34.17475002,-118.1506336,1255, bus stop metro
34.17818405,-118.1506593,1256, bus stop metro
34.18025573,-118.1506835,1257, no stopping anytime
34.18006854,-118.1506802,1258, no stopping anytime
34.18054871,-118.1506773,1259, no stopping anytime
34.18109296,-118.1506811,1260, bus stop metro
34.18120976,-118.1506835,1261, no stopping anytime (TOW AWAY)
34.181417,-118.1506887,1262, no stopping anytime (TOW AWAY)
34.1430016,-118.129782,1263, 2 hr parking 9am-6pm
34.14290706,-118.1302744,1264, 2 hr parking 9am-6pm
34.14273233,-118.1309885,1265, no stopping anytime
34.1426899,-118.1311609,1266, no stopping anytime
34.1426585,-118.1313954,1267, no stopping anytime
34.1426478,-118.1319177,1268, no stopping anytime
34.14263972,-118.1326043,1269, no stopping anytime
34.14263842,-118.1328949,1270, no stopping anytime
34.14263929,-118.1333365,1271, no stopping anytime
34.14265212,-118.1337273,1272, no stopping anytime
34.14264405,-118.1358748,1273, 2 hr parking 9am-6pm
34.14264494,-118.1355732,1274, 2 hr parking 9am-6pm
34.14264287,-118.1362873,1275, 2 hr parking 9am-6pm
34.14264907,-118.1374949,1276, 2 hr parking 9am-6pm
34.14264789,-118.1379598,1277, 2 hr parking 9am-6pm
34.14263933,-118.138706,1278, 2 hr parking 9am-6pm
34.14263845,-118.139424,1279, 2 hr parking 9am-6pm
34.14258032,-118.1398668,1280, no stopping anytime
34.14240386,-118.1404664,1281, no stopping anytime
34.14221266,-118.1420423,1282, no stopping anytime
34.14222623,-118.1425296,1283, no stopping anytime
34.14223656,-118.1427457,1284, no stopping anytime
34.14227108,-118.1444844,1285, 2 hr parking 9am-6pm
34.14229823,-118.1448238,1286, passenger loading only
34.14230118,-118.1448716,1287, no parking anytime
34.14236373,-118.1464185,1288, no stopping anytime
34.14236167,-118.1467088,1289, no stopping anytime
34.14235754,-118.1470699,1290, no stopping anytime
34.14101986,-118.1300981,1291, no parking 7am-9am
34.14102197,-118.1306837,1292, bus stop metro
34.14061746,-118.1330183,1293, no stopping anytime
34.14071248,-118.1325898,1294, no stopping anytime
34.14068681,-118.1327017,1295, bus stop metro
34.14053661,-118.1334957,1296, no stopping anytime
34.14050917,-118.1341193,1297, bus stop metro
34.14048704,-118.1360787,1298, 2 hr parking 9am-4pm
34.1405074,-118.1371939,1299, bus stop metro
34.14050474,-118.1376246,1300, 2 hr parking 9am-4pm
34.14050415,-118.1380132,1301, 2 hr parking 9am-4pm
34.14049796,-118.1388064,1302, 2 hr parking 9am-4pm
34.1404953,-118.1393968,1303, 2 hr parking 9am-4pm
34.14048881,-118.1399423,1304, 2 hr parking 9am-4pm
34.14049028,-118.1404225,1305, 2 hr parking 9am-4pm
34.14048379,-118.1407534,1306, 2 hr parking 9am-4pm
34.1404773,-118.1420682,1307, 2 hr parking 9am-4pm
34.14047494,-118.1422668,1308, 2 hr parking 9am-4pm
34.14046874,-118.143679,1309, 2 hr parking 9am-4pm
34.14046668,-118.1442747,1310, 2 hr parking 9am-4pm
34.14046284,-118.1449471,1311, 2 hr parking 9am-4pm
34.140603,-118.146104,1312, 2 hr parking 9am-6pm
34.1406033,-118.1463746,1313, 2 hr parking 9am-6pm
34.14065582,-118.147969,1314, no stopping anytime
34.14070185,-118.1483066,1315, no stopping anytime
34.14066615,-118.1491494,1316, no parking anytime
34.14066556,-118.1492974,1317, no stopping anytime
34.14066615,-118.1496157,1318, no parking anytime
34.14066556,-118.1499605,1319, no parking anytime
34.14085972,-118.1511933,1320, 2 hr parking 9am-6pm
34.14085736,-118.1518301,1321, 2 hr parking 9am-6pm
34.14085588,-118.152465,1322, no parking anytime
34.14085352,-118.1527595,1323, no parking anytime
34.14086735,-118.1530633,1324, no parking anytime
34.14085146,-118.156216,1325, no stopping anytime
34.14080749,-118.1566855,1326, no stopping anytime
34.14080484,-118.1571761,1327, no stopping anytime
34.14080247,-118.1576895,1328, no stopping anytime
34.14080011,-118.1582011,1329, no stopping anytime
34.14079657,-118.1591651,1330, no stopping anytime
34.14607259,-118.1217469,1331, bus stop metro
34.146073,-118.1222024,1332, 1 hr parking 9am-6pm
34.14606684,-118.1226023,1333, 1 hr parking 9am-6pm
34.14606191,-118.1234012,1334, 1 hr parking 9am-6pm
34.14606232,-118.1237639,1335, 1 hr parking 9am-6pm
34.14605575,-118.1245112,1336, 1 hr parking 9am-6pm
34.14605493,-118.1248551,1337, 1 hr parking 9am-6pm
34.14605082,-118.1251602,1338, 1 hr parking 9am-6pm
34.14605123,-118.1256544,1339, bus stop metro
34.14604672,-118.1262653,1340, 1 hr parking 9am-6pm
34.14604056,-118.1273653,1341, 1 hr parking 9am-6pm
34.14603809,-118.1277499,1342, 1 hr parking 9am-6pm
34.14603358,-118.1284649,1343, bus stop metro
34.14603152,-118.1287477,1344, 1 hr parking 9am-6pm
34.14602988,-118.1291095,1345, 1 hr parking 9am-6pm
34.14602536,-118.1296553,1346, bus stop metro
34.14619145,-118.1396717,1347, 1 hr parking 9am-6pm
34.14651483,-118.1396721,1348, 1 hr parking 9am-6pm
34.14681775,-118.1396764,1349, 1 hr parking 9am-6pm
34.14699636,-118.1396788,1350, 1 hr parking 9am-6pm
34.14685889,-118.1398484,1351, 2 hr parking 9am-6pm
34.14652816,-118.1398458,1352, 1 hr parking 9am-6pm
34.1462615,-118.1398458,1353, 1 hr parking 9am-6pm
34.14553112,-118.1398307,1354, 1 hr parking 9am-6pm
34.14511892,-118.1398273,1355, 1 hr parking 9am-6pm
34.14411768,-118.139813,1356, 1 hr parking 9am-6pm
34.14387955,-118.139813,1357, 1 hr parking 9am-6pm
34.14376884,-118.1398114,1358, 1 hr parking 9am-6pm
34.14344438,-118.139808,1359, 2 hr parking 9am-6pm
34.14315547,-118.139803,1360, 2 hr parking 9am-6pm
34.14274566,-118.1397992,1361, 2 hr parking 9am-6pm
34.14209414,-118.1397926,1362, 1 hr parking 9am-6pm
34.14173769,-118.1397907,1363, 2 hr parking 9am-6pm
34.14097128,-118.139783,1364, 2 hr parking 9am-6pm
34.14064591,-118.1397792,1365, no parking during street cleaning days
34.1401427,-118.1397745,1366, 2 hr parking 9am-6pm
34.13963162,-118.1397726,1367, 2 hr parking 9am-6pm
34.13920709,-118.1397683,1368, no parking during street cleaning days
34.13878139,-118.1397631,1369, 2 hr parking 9am-6pm
34.13834505,-118.1397602,1370, 2 hr parking 9am-6pm
34.13787694,-118.1397547,1371, 2 hr parking 9am-6pm
34.137479,-118.1397527,1372, 2 hr parking 9am-6pm
34.13700742,-118.1397517,1373, 2 hr parking 9am-6pm
34.13677149,-118.1397476,1374, no parking during street cleaning days
34.13613647,-118.1397411,1375, 2 hr parking 9am-6pm
34.13628855,-118.1412507,1376, 2 hr parking 9am-6pm
34.13667311,-118.1412506,1377, 2 hr parking 9am-6pm
34.13707319,-118.1412572,1378, 2 hr parking 9am-6pm
34.13743096,-118.141261,1379, 2 hr parking 9am-6pm
34.13782395,-118.1412638,1380, 2 hr parking 9am-6pm
34.13875584,-118.1412703,1381, 2 hr parking 9am-6pm
34.13914431,-118.1412741,1382, 2 hr parking 9am-6pm
34.13952555,-118.141279,1383, 2 hr parking 9am-6pm
34.14068101,-118.1412889,1384, bus stop metro
34.14133733,-118.1412938,1385, no stopping anytime
34.14107806,-118.141291,1386, no stopping anytime
34.14175876,-118.1412627,1387, parking direction
34.14262331,-118.1412692,1388, bus stop metro
34.14262963,-118.1412692,1389, no stopping anytime
34.14296659,-118.1412725,1390, no stopping anytime
34.14330355,-118.1412736,1391, no stopping anytime
34.14369381,-118.1412894,1392, no stopping anytime
34.14387629,-118.1412894,1393, no stopping anytime
34.14419518,-118.1413205,1394, no stopping anytime
34.14486193,-118.1413241,1395, bus stop metro
34.14619454,-118.1413344,1396, bus stop metro
34.14646009,-118.1413379,1397, 2 hr parking 9am-6pm
34.14685891,-118.1413385,1398, 2 hr parking 9am-6pm
34.14748304,-118.1413466,1399, bus stop metro
34.1478349,-118.1413478,1400, 2 hr parking 9am-6pm
34.14840881,-118.1413547,1401, 2 hr parking 9am-6pm
34.14873434,-118.141356,1402, 2 hr parking 9am-6pm
34.14896315,-118.1413609,1403, 2 hr parking 9am-6pm
34.14989961,-118.1413385,1404, bus stop metro
34.15011126,-118.1413361,1405, no stopping anytime
34.15084498,-118.1413187,1406, no stopping anytime
34.15067621,-118.141594,1407, no stopping anytime
34.14987656,-118.1415867,1408, no stopping anytime
34.1488836,-118.1416069,1409, bus stop metro
34.14824804,-118.1416007,1410, 15 min parking 6am-6pm ex Sat Sun
34.14808718,-118.1415996,1411, 15 min parking 6am-6pm ex Sat Sun
34.1475791,-118.1415962,1412, parking direction
34.14694307,-118.1415918,1413, bus stop metro
34.1466232,-118.1415878,1414, 1 hr parking 7am-6pm
34.14621107,-118.1415856,1415, no stopping anytime
34.14599597,-118.1415833,1416, no stopping anytime
34.14568047,-118.1415497,1417, no stopping anytime
34.14535248,-118.1415776,1418, bus stop metro
34.14526674,-118.1415724,1419, no stopping anytime
34.14492816,-118.1415363,1420, no stopping anytime
34.14401483,-118.1415145,1421, bus stop metro
34.14396095,-118.1415145,1422, no stopping anytime
34.14347381,-118.1414911,1423, 2 hr parking 9am-6pm
34.14312887,-118.1414864,1424, 2 hr parking 9am-6pm
34.14279336,-118.1414843,1425, 2 hr parking 9am-6pm
34.14246786,-118.1414984,1426, no stopping anytime (TOW AWAY)
34.14185461,-118.1414723,1427, bus stop metro
34.14155021,-118.1414696,1428, 2 hr parking 9am-6pm
34.14131135,-118.1414656,1429, 2 hr parking 9am-6pm
34.14005151,-118.1414548,1430, 2 hr parking 9am-6pm
34.13975099,-118.1414562,1431, 2 hr parking 9am-6pm
34.13892942,-118.1414474,1432, 2 hr parking 9am-6pm
34.13847891,-118.1414427,1433, 2 hr parking 9am-6pm
34.13806173,-118.1414394,1434, 2 hr parking 9am-6pm
34.13765954,-118.141436,1435, 2 hr parking 9am-6pm
34.13724069,-118.141432,1436, 2 hr parking 9am-6pm
34.1368685,-118.1414286,1437, 2 hr parking 9am-6pm
34.13669629,-118.1414239,1438, 2 hr parking 9am-6pm
34.13645909,-118.1414226,1439, 2 hr parking 9am-6pm
34.14095918,-118.1427971,1440, 2 hr parking 9am-6pm
34.14143634,-118.1428018,1441, 2 hr parking 9am-6pm
34.14162009,-118.1428042,1442, 2 hr parking 9am-6pm
34.14290606,-118.1428184,1443, 1 hr parking 9am-6pm
34.14349369,-118.1428212,1444, 1 hr parking 9am-6pm
34.14409154,-118.1428267,1445, 1 hr parking 9am-6pm
34.14412908,-118.1430049,1446, 2 hr parking 9am-6pm
34.14308045,-118.1429943,1447, 1 hr parking 9am-6pm
34.14297392,-118.142992,1448, 1 hr parking 9am-6pm
34.14263651,-118.1429934,1449, 1 hr parking 9am-6pm
34.14184832,-118.1429833,1450, 2 hr parking 9am-6pm
34.14160492,-118.1429829,1451, 2 hr parking 9am-6pm
34.1413892,-118.1429774,1452, 2 hr parking 9am-6pm
34.14120722,-118.1429765,1453, 2 hr parking 9am-6pm
34.14089521,-118.1429733,1454, 2 hr parking 9am-6pm
34.1406101,-118.1429742,1455, 2 hr parking 9am-6pm
34.13934609,-118.1429471,1456, 2 hr parking 8am-2pm
34.1389188,-118.1429471,1457, 2 hr parking 8am-2pm
34.13852943,-118.1429389,1458, 2 hr parking 8am-2pm
34.13812831,-118.1429371,1459, 2 hr parking 8am-2pm
34.14775415,-118.1449358,1460, 1 hr parking 7am-5pm
34.14775243,-118.1451672,1461, 1 hr parking 7am-5pm
34.14774957,-118.1453986,1462, 1 hr parking 7am-5pm
34.14770828,-118.1463915,1463, 2 hr parking 7am-6pm
34.14770484,-118.1468855,1464, 2 hr parking 7am-6pm
34.14770255,-118.1473213,1465, 2 hr parking 7am-6pm
34.14774268,-118.1482657,1466, 4 hr parking
34.14773924,-118.1485089,1467, 4 hr parking
34.14773466,-118.1492406,1468, 2 hr parking
34.14773294,-118.1493902,1469, pay direction
34.14773351,-118.1495392,1470, pay direction
34.14773236,-118.1498558,1471, 2 hr parking
34.14537159,-118.1523037,1472, 2 hr parking
34.14511355,-118.1522982,1473, 2 hr parking
34.15116229,-118.1487977,1474, no stopping anytime
34.15118326,-118.1485115,1475, no stopping anytime
34.1512017,-118.1482236,1476, no stopping anytime
34.15121652,-118.1479135,1477, no stopping anytime
34.15122773,-118.1476334,1478, no stopping anytime
34.15123677,-118.1471179,1479, no stopping anytime
34.15123134,-118.1465229,1480, no stopping anytime
34.15122158,-118.1462119,1481, no stopping anytime
34.15117494,-118.145311,1482, no stopping 7am-7pm ex Sat Sun
34.15115614,-118.1449707,1483, no stopping 7am-7pm ex Sat Sun
34.15114385,-118.1446448,1484, no stopping 7am-7pm ex Sat Sun
34.15114132,-118.1443469,1485, no stopping 7am-7pm ex Sat Sun
34.15115144,-118.1437484,1486, no stopping 7am-7pm ex Sat Sun
34.15116735,-118.1431603,1487, no stopping 7am-7pm ex Sat Sun
34.15117386,-118.1428615,1488, no stopping 7am-7pm ex Sat Sun
34.15118037,-118.1425666,1489, no stopping 7am-7pm ex Sat Sun
34.1511876,-118.1422726,1490, no stopping 7am-7pm ex Sat Sun
34.15119447,-118.1419795,1491, no stopping 7am-7pm ex Sat Sun
34.15120748,-118.1412438,1492, no parking 7am-6pm
34.1512111,-118.1406824,1493, no parking 7am-6pm
34.1512111,-118.1401158,1494, no parking 7am-6pm
34.15121306,-118.1398315,1495, no parking 7am-6pm
34.15121736,-118.1392166,1496, no parking 7am-6pm
34.15121449,-118.1386115,1497, no parking 7am-6pm
34.15120731,-118.1383084,1498, no parking 7am-6pm
34.15120109,-118.1377166,1499, no parking 7am-6pm
34.1512027,-118.1372005,1500, no parking 7am-6pm
34.15120326,-118.136191,1501, no parking 7am-6pm
34.15119967,-118.1356366,1502, no parking 7am-6pm
34.1512016,-118.1350896,1503, no parking 7am-6pm
34.15119885,-118.1348129,1504, no parking 7am-6pm
34.15120105,-118.1345212,1505, no stopping anytime
34.1512005,-118.134161,1506, no stopping anytime
34.1511994,-118.1337411,1507, no stopping anytime
34.15118342,-118.1333066,1508, no stopping anytime
34.15118176,-118.1330835,1509, no stopping anytime
34.15121676,-118.1316798,1510, no parking 7am-6pm
34.15122475,-118.1307882,1511, no parking 7am-6pm
34.15116646,-118.130983,1512, no stopping anytime
34.15093814,-118.1309803,1513, no stopping anytime
34.15080586,-118.1309792,1514, no stopping anytime
34.14922256,-118.1309529,1515, no stopping anytime
34.14887917,-118.1309529,1516, no stopping anytime
34.14868301,-118.1309496,1517, no stopping anytime
34.14849903,-118.1309474,1518, no stopping anytime
34.14813118,-118.1309436,1519, no stopping anytime
34.14770261,-118.1309343,1520, no stopping anytime
34.14732704,-118.1309283,1521, no stopping anytime
34.14704299,-118.1309425,1522, 1 hr parking 9am-6pm
34.14673447,-118.1309419,1523, 1 hr parking 9am-6pm
34.14630454,-118.130937,1524, 1 hr parking 9am-6pm
34.14471934,-118.1309244,1525, 1 hr parking 9am-6pm
34.14436551,-118.1309206,1526, 2 hr parking 9am-6pm
34.14409187,-118.1309184,1527, 2 hr parking 9am-6pm
34.14378696,-118.1309113,1528, no parking anytime
34.14347662,-118.1308976,1529, no parking anytime
34.14311508,-118.1308943,1530, no parking anytime
34.14226696,-118.1308905,1531, no parking anytime
34.14187597,-118.1308916,1532, no parking anytime
34.14156063,-118.1308839,1533, no parking anytime
34.14123307,-118.1308784,1534, no parking anytime
34.14080764,-118.130879,1535, no parking anytime
34.14031696,-118.1308691,1536, no parking anytime
34.13978687,-118.1308631,1537, no parking anytime
34.13926583,-118.1308582,1538, no parking anytime
34.13875023,-118.1308544,1539, no parking anytime
34.13823507,-118.1308494,1540, no parking anytime
34.13804626,-118.1308473,1541, no parking anytime
34.14968461,-118.1313225,1542, no stopping anytime
34.14968117,-118.1318688,1543, no stopping anytime
34.14968515,-118.13265,1544, no stopping anytime
34.14968217,-118.1331081,1545, no stopping anytime
34.14968068,-118.1334864,1546, no stopping anytime
34.14967571,-118.133744,1547, no stopping anytime
34.14967173,-118.1343463,1548, no stopping anytime
34.14967074,-118.1349803,1549, 2 hr parking 9am-6pm
34.14966627,-118.1354103,1550, 2 hr parking 9am-6pm
34.14966478,-118.1359489,1551, 2 hr parking 9am-6pm
34.14965881,-118.1363037,1552, 2 hr parking 9am-6pm
34.1496608,-118.1365355,1553, parking direction
34.14965086,-118.1379238,1554, 1 hr parking 9am-6pm
34.14965086,-118.1385584,1555, no stopping anytime
34.14964689,-118.1390682,1556, no stopping anytime
34.1496439,-118.1395468,1557, no stopping anytime
34.14946998,-118.1398626,1558, no stopping anytime
34.14947595,-118.1393066,1559, no stopping anytime
34.14947893,-118.1388232,1560, no stopping anytime
34.14948737,-118.1372855,1561, parking direction
34.14949384,-118.1362485,1562, 4 hr parking 9am-6pm
34.14950532,-118.135099,1563, no stopping anytime
34.14950644,-118.1346375,1564, no stopping anytime
34.14951224,-118.1335808,1565, no stopping anytime
34.14948673,-118.1335425,1566, no stopping anytime
34.1494883,-118.1333177,1567, parking direction
34.14948633,-118.132886,1568, no stopping anytime
34.14951505,-118.1315612,1569, no stopping anytime
34.1495123,-118.1310031,1570, no stopping anytime
34.1479494,-118.1314678,1571, 2 hr parking 9am-6pm
34.14793684,-118.1315924,1572, 2 hr parking 9am-6pm
34.14792626,-118.1317526,1573, parking direction
34.14784889,-118.1328468,1574, 1 hr parking 9am-6pm
34.14785319,-118.1330793,1575, 1 hr parking 9am-6pm
34.14784955,-118.1335567,1576, parking direction
34.1478436,-118.1336259,1577, 1 hr parking 9am-6pm
34.14784393,-118.1341512,1578, bus stop foothill
34.14784228,-118.1342415,1579, 2 hr parking 9am-6pm
34.14784063,-118.1349162,1580, 2 hr parking 9am-6pm
34.14777042,-118.1357331,1581, 2 hr parking 9am-6pm
34.14764728,-118.1360492,1582, 2 hr parking 9am-6pm
34.14740652,-118.1365355,1583, 2 hr parking 9am-6pm
34.14736049,-118.1366981,1584, 2 hr parking 9am-6pm
34.14252987,-118.1435039,1585, 2 hr parking 9am-6pm
34.14733216,-118.1371577,1586, bus stop foothill
34.14733216,-118.1372642,1587, 1 hr parking 9am-6pm
34.14733098,-118.1374881,1588, 1 hr parking 9am-6pm
34.14732862,-118.1380286,1589, 1 hr parking 9am-6pm
34.14732351,-118.1381988,1590, 1 hr parking 9am-6pm
34.1473239,-118.138696,1591, passenger loading only
34.14732075,-118.138938,1592, 1 hr parking 9am-6pm
34.14730856,-118.139372,1593, 1 hr parking 9am-6pm
34.14729203,-118.1400646,1594, 1 hr parking 9am-6pm
34.15063268,-118.1347427,1595, 4 hr parking 7am-6pm
34.15036518,-118.1347408,1596, 1 hr parking 7am-6pm
34.14984821,-118.1347312,1597, 1 hr parking 7am-6pm
34.13614014,-118.1338683,1598, 2 hr parking 9am-6pm
34.13631862,-118.1337349,1599, 2 hr parking
34.13640016,-118.1338697,1600, 2 hr parking 9am-6pm
34.13679583,-118.1338706,1601, 2 hr parking 9am-6pm
34.1368458,-118.1337403,1602, no parking anytime
34.13696454,-118.1337353,1603, no parking anytime
34.13718097,-118.1338724,1604, 2 hr parking 9am-6pm
34.13735006,-118.1337426,1605, no parking anytime
34.1376097,-118.1338788,1606, 2 hr parking 9am-6pm
34.13779795,-118.1337449,1607, no parking anytime
34.13798357,-118.1338829,1608, 2 hr parking 9am-6pm
34.13867795,-118.1337521,1609, no parking anytime
34.13867269,-118.1338883,1610, 2 hr parking 9am-6pm
34.13907136,-118.1337558,1611, no parking anytime
34.13954817,-118.1337594,1612, no parking anytime
34.13979954,-118.1337621,1613, parking direction
34.1399566,-118.1337626,1614, no parking anytime
34.14064984,-118.1337662,1615, no parking anytime
34.14075279,-118.1339092,1616, 2 hr parking 9am-6pm
34.14092438,-118.1337677,1617, no parking anytime
34.14111594,-118.1339157,1618, 2 hr parking 9am-6pm
34.14135633,-118.1337712,1619, parking direction
34.14171356,-118.1339167,1620, 2 hr parking 9am-6pm
34.14198464,-118.1339186,1621, 2 hr parking 9am-6pm
34.14211998,-118.1337793,1622, no parking anytime
34.14176156,-118.133775,1623, 2 hr parking 9am-6pm
34.14277818,-118.1339281,1624, 2 hr parking 9am-6pm
34.14280415,-118.1337902,1625, passenger loading only
34.14293477,-118.1337916,1626, 2 hr parking 9am-6pm
34.14302958,-118.1339285,1627, no parking anytime
34.14315587,-118.1339328,1628, no parking anytime
34.14354694,-118.1339328,1629, no parking anytime
34.14361067,-118.1337973,1630, 2 hr parking 9am-6pm
34.14400095,-118.1339357,1631, no parking anytime
34.14441089,-118.133939,1632, no parking anytime
34.14476457,-118.1338078,1633, no stopping 7am-9am
34.14494319,-118.1339518,1634, no parking anytime
34.14495971,-118.1338087,1635, no stopping 7am-9am
34.14522409,-118.1339556,1636, no parking anytime
34.14547705,-118.1339585,1637, no parking anytime
34.14550026,-118.1338064,1638, no parking anytime
34.14573198,-118.1339599,1639, no parking anytime
34.14569461,-118.1338102,1640, no parking anytime
34.14605616,-118.1339556,1641, no parking anytime
34.14627332,-118.1338211,1642, 1 hr parking
34.14639449,-118.1339571,1643, no parking anytime
34.14656326,-118.1338254,1644, 1 hr parking
34.14687563,-118.1338263,1645, no parking anytime
34.14694408,-118.133967,1646, no parking anytime
34.14701136,-118.1338301,1647, no parking anytime
34.14800431,-118.1339765,1648, 2 hr parking
34.14836113,-118.1338392,1649, no stopping anytime
34.14850157,-118.1339789,1650, 2 hr parking
34.14863847,-118.1338425,1651, no stopping anytime
34.14892211,-118.1354449,1652, 2 hr parking 9am-6pm
34.14923762,-118.1338477,1653, no stopping anytime
34.14853029,-118.1354449,1654, 2 hr parking 9am-6pm
34.14795946,-118.135433,1655, 2 hr parking 9am-6pm
34.14742719,-118.1353147,1656, 1 hr parking 9am-6pm
34.14647868,-118.1353071,1657, 2 hr parking 9am-6pm
34.14604593,-118.1353042,1658, 2 hr parking 9am-6pm
34.14550538,-118.135299,1659, 1 hr parking 9am-6pm
34.14486804,-118.1352919,1660, 1 hr parking 9am-6pm
34.14421497,-118.135299,1661, 2 hr parking 9am-6pm
34.14399741,-118.1352862,1662, 2 hr parking 9am-6pm
34.14374483,-118.13529,1663, 2 hr parking 9am-6pm
34.14975185,-118.1345997,1664, 4 hr parking 7am-6pm
34.15006253,-118.1346,1665, 4 hr parking 7am-6pm
34.15037091,-118.1345997,1666, 4 hr parking 7am-6pm
34.15063212,-118.1345907,1667, 4 hr parking 7am-6pm
34.15110261,-118.1345926,1668, 4 hr parking
34.14352823,-118.1352789,1669, 2 hr parking 9am-6pm
34.14337519,-118.1352774,1670, no parking during street cleaning days
34.14306714,-118.1352755,1671, 2 hr parking 9am-6pm
34.14214612,-118.135266,1672, 2 hr parking 9am-6pm
34.14123189,-118.1352586,1673, 2 hr parking 9am-6pm
34.1407698,-118.1352507,1674, 2 hr parking 9am-6pm
34.14021509,-118.1352435,1675, no parking anytime
34.13996867,-118.1352427,1676, no parking anytime
34.13969234,-118.13524,1677, no parking anytime
34.13931821,-118.1352365,1678, no parking anytime
34.13899459,-118.1352349,1679, no parking anytime
34.13874141,-118.1352318,1680, 2 hr parking 9am-6pm
34.13853295,-118.1352345,1681, 2 hr parking 9am-6pm
34.13793073,-118.1352252,1682, 2 hr parking 9am-6pm
34.13748067,-118.1352248,1683, 2 hr parking 9am-6pm
34.13657669,-118.135212,1684, 2 hr parking 9am-6pm
34.13621091,-118.1352104,1685, no parking during street cleaning days
34.13642517,-118.1350666,1686, 2 hr parking 9am-6pm
34.13728411,-118.1350697,1687, 2 hr parking 9am-6pm
34.13772356,-118.135079,1688, 2 hr parking 9am-6pm
34.138633,-118.1350868,1689, no parking during street cleaning days
34.13910621,-118.1350895,1690, 1 hr parking 9am-6pm
34.13965374,-118.1350954,1691, 2 hr parking 9am-6pm
34.14018646,-118.1350993,1692, 2 hr parking 9am-6pm
34.14068701,-118.1351039,1693, no parking during street cleaning days
34.14102832,-118.1351055,1694, 2 hr parking 9am-6pm
34.14144297,-118.1351121,1695, 2 hr parking 9am-6pm
34.1418988,-118.1351175,1696, 2 hr parking 9am-6pm
34.14225297,-118.1351175,1697, 2 hr parking 9am-6pm
34.14285195,-118.135128,1698, no parking during street cleaning days
34.14320965,-118.1351272,1699, 2 hr parking 9am-6pm
34.14367577,-118.1351331,1700, 2 hr parking 9am-6pm
34.14420943,-118.1351377,1701, 2 hr parking 9am-6pm
34.14486629,-118.1351459,1702, 1 hr parking 9am-6pm
34.14549033,-118.135149,1703, 1 hr parking 9am-6pm
34.14621859,-118.1351576,1704, 1 hr parking 9am-6pm
34.1466715,-118.1351599,1705, 1 hr parking 9am-6pm
34.14718398,-118.1351633,1706, 1 hr parking 9am-6pm
34.1484817,-118.1353218,1707, no parking anytime
34.13647242,-118.1367458,1708, 2 hr parking 9am-6pm
34.13684012,-118.1367434,1709, 2 hr parking 9am-6pm
34.13740924,-118.1367518,1710, 2 hr parking 9am-6pm
34.13780514,-118.1367566,1711, 2 hr parking 9am-6pm
34.13822529,-118.1367602,1712, 2 hr parking 9am-6pm
34.13867118,-118.1367643,1713, 2 hr parking 9am-6pm
34.13915417,-118.1367685,1714, 2 hr parking 9am-6pm
34.13959213,-118.1367733,1715, 2 hr parking 9am-6pm
34.14002118,-118.1367751,1716, 2 hr parking 9am-6pm
34.14087532,-118.1367841,1717, 2 hr parking 9am-6pm
34.14127665,-118.1367877,1718, 2 hr parking 9am-6pm
34.14173737,-118.1367924,1719, 2 hr parking 9am-6pm
34.1421194,-118.1367966,1720, 2 hr parking 9am-6pm
34.14218571,-118.1367966,1721, no parking during street cleaning days
34.14287207,-118.1367984,1722, 2 hr parking 9am-6pm
34.14303883,-118.1367978,1723, no parking during street cleaning days
34.14322935,-118.1368074,1724, 2 hr parking 9am-6pm
34.14338869,-118.1368056,1725, 2 hr parking 9am-6pm
34.14373768,-118.1368113,1726, 2 hr parking 9am-6pm
34.14474803,-118.1368194,1727, no parking anytime
34.14510879,-118.1368232,1728, no parking anytime
34.14541212,-118.1368242,1729, no parking anytime
34.14562023,-118.1368285,1730, no parking anytime
34.14615921,-118.1368365,1731, no parking anytime
34.14642201,-118.136838,1732, no parking anytime
34.14656088,-118.1368394,1733, no parking anytime
34.14677253,-118.1368422,1734, no parking anytime
34.14689567,-118.1368418,1735, parking direction
34.14773599,-118.1368513,1736, no parking anytime
34.14833475,-118.136856,1737, no parking anytime
34.14880997,-118.1368622,1738, no parking anytime
34.14922132,-118.1368643,1739, no parking anytime
34.14993042,-118.136869,1740, no parking anytime
34.15014777,-118.136872,1741, no parking anytime
34.15039659,-118.1368744,1742, no parking anytime
34.15077768,-118.1370354,1743, no stopping anytime 7am-3pm
34.15015514,-118.1369908,1744, no stopping anytime 7am-3pm
34.14915838,-118.1369819,1745, 2 hr parking 9am-6pm
34.14864696,-118.1369772,1746, no parking 7am-6pm
34.14854762,-118.1369778,1747, parking direction
34.14838485,-118.1369742,1748, no parking 7am-6pm
34.148108,-118.136973,1749, no parking 7am-6pm
34.14752232,-118.1369665,1750, 2 hr parking 9am-6pm
34.14699909,-118.1369653,1751, no parking anytime
34.14665977,-118.1369588,1752, no parking anytime
34.14615768,-118.136954,1753, no parking anytime
34.14533201,-118.1369522,1754, 1 hr parking 8am-6pm ex Sat Sun
34.14487761,-118.1369481,1755, 1 hr parking 8am-6pm ex Sat Sun
34.14412864,-118.1369409,1756, no parking anytime
34.14394176,-118.1369409,1757, no parking anytime
34.14351687,-118.1369397,1758, no parking anytime
34.14327589,-118.1369344,1759, no parking anytime
34.14294197,-118.1369326,1760, no parking anytime
34.14220135,-118.1369285,1761, no parking anytime
34.14196529,-118.1369249,1762, no parking anytime
34.14149563,-118.136919,1763, no parking anytime
34.14108351,-118.1369184,1764, no parking anytime
34.14066597,-118.13691,1765, no parking anytime
34.13980385,-118.1369029,1766, no parking anytime
34.13937696,-118.1368993,1767, no parking anytime
34.13887532,-118.1368982,1768, no parking anytime
34.13844548,-118.136891,1769, no parking anytime
34.13800334,-118.1368869,1770, no parking anytime
34.13762219,-118.1368821,1771, no parking anytime
34.13713086,-118.1368768,1772, no parking anytime
34.13665774,-118.1368744,1773, no parking anytime
34.13623821,-118.136872,1774, no parking anytime
34.13599912,-118.1382411,1775, no parking during street cleaning days
34.13616752,-118.1382458,1776, 2 hr parking 9am-6pm
34.13654917,-118.1382435,1777, 2 hr parking 9am-6pm
34.13734985,-118.138252,1778, 2 hr parking 9am-6pm
34.13814738,-118.1382615,1779, 2 hr parking 9am-6pm
34.13894371,-118.1382687,1780, 2 hr parking 9am-6pm
34.13935722,-118.138272,1781, no parking during street cleaning days
34.14020666,-118.1382796,1782, 2 hr parking 9am-6pm
34.14077597,-118.1382867,1783, no parking during street cleaning days
34.1408999,-118.1382886,1784, 2 hr parking 9am-6pm
34.14130042,-118.1382901,1785, 2 hr parking 9am-6pm
34.14170133,-118.1382924,1786, 2 hr parking 9am-6pm
34.14224465,-118.1382991,1787, 2 hr parking 9am-6pm
34.14291702,-118.1383043,1788, 2 hr parking 9am-6pm
34.14331478,-118.1383095,1789, 2 hr parking 9am-6pm
34.14357404,-118.1383124,1790, 1 hr parking 9am-6pm
34.14393403,-118.1383129,1791, 1 hr parking 9am-6pm
34.14418857,-118.1383186,1792, 1 hr parking 9am-6pm
34.14426961,-118.1383181,1793, no parking during street cleaning days
34.14473936,-118.1383214,1794, no parking anytime
34.14512766,-118.1383262,1795, no parking anytime
34.14551242,-118.138329,1796, no parking anytime
34.14622174,-118.1383343,1797, 1 hr parking 9am-6pm
34.14634606,-118.1383333,1798, 1 hr parking 9am-6pm
34.14665921,-118.1383362,1799, no parking anytime
34.14689565,-118.1383395,1800, no parking anytime
34.14795195,-118.1383476,1801, 2 hr parking 9am-6pm
34.14854362,-118.1383538,1802, 2 hr parking 9am-6pm
34.14908297,-118.1383585,1803, 2 hr parking 9am-6pm
34.14925961,-118.1383628,1804, 2 hr parking 9am-6pm
34.14997633,-118.1383691,1805, 2 hr parking 9am-6pm
34.15055953,-118.1383721,1806, 2 hr parking 9am-6pm
34.15096423,-118.1383739,1807, 2 hr parking 9am-6pm
34.14943614,-118.1353168,1808, no parking anytime
34.14997028,-118.1385012,1809, 2 hr parking 9am-6pm
34.14916074,-118.1384914,1810, 2 hr parking 9am-6pm
34.14827692,-118.1384868,1811, 2 hr parking 9am-6pm
34.14782909,-118.1384781,1812, 2 hr parking 9am-6pm
34.14745221,-118.1384772,1813, 2 hr parking 9am-6pm
34.14650488,-118.1384715,1814, handicap parking only
34.14641715,-118.138471,1815, 1 hr parking 9am-6pm
34.14614412,-118.1384691,1816, 1 hr parking 9am-6pm
34.14549735,-118.1384596,1817, 1 hr parking 9am-6pm
34.14531127,-118.1384591,1818, 1 hr parking 9am-6pm
34.14476403,-118.1384615,1819, 1 hr parking 9am-6pm
34.14417508,-118.1384477,1820, 1 hr parking 9am-6pm
34.14367346,-118.1384458,1821, 1 hr parking 9am-6pm
34.14338312,-118.1384434,1822, 2 hr parking 9am-6pm
34.143103,-118.1384415,1823, 2 hr parking 9am-6pm
34.14278747,-118.1384377,1824, 2 hr parking 9am-6pm
34.14220008,-118.1384311,1825, 2 hr parking 9am-6pm
34.14150017,-118.1384253,1826, 2 hr parking 9am-6pm
34.14064956,-118.1384187,1827, 2 hr parking 9am-6pm
34.13992603,-118.1384106,1828, 2 hr parking 9am-6pm
34.13918557,-118.1384059,1829, 2 hr parking 9am-6pm
34.13880904,-118.1384002,1830, 2 hr parking 9am-6pm
34.13794267,-118.1383935,1831, 2 hr parking 9am-6pm
34.13754332,-118.1383911,1832, no parking during street cleaning days
34.13716285,-118.1383845,1833, 2 hr parking 9am-6pm
34.13674618,-118.1383811,1834, 2 hr parking 9am-6pm
34.13632557,-118.1383802,1835, 2 hr parking 9am-6pm
34.1510296,-118.1385204,1836, 2 hr parking 9am-6pm
34.15048467,-118.1385066,1837, 2 hr parking 9am-6pm
34.15103937,-118.1400102,1838, no parking during street cleaning days
34.15092744,-118.1400102,1839, 2 hr parking 9am-6pm
34.1505242,-118.1400063,1840, 2 hr parking 9am-6pm
34.15016976,-118.1400015,1841, 2 hr parking 9am-6pm
34.14999504,-118.1400002,1842, parking direction
34.14978158,-118.1399955,1843, 15 min parking 6am-6pm ex Sat Sun
34.14927323,-118.1400353,1844, 2 hr parking 9am-6pm
34.14892846,-118.140034,1845, 2 hr parking 9am-6pm
34.14868809,-118.140041,1846, 2 hr parking 9am-6pm
34.13616752,-118.1396094,1847, no parking during street cleaning days
34.1364508,-118.1396108,1848, 2 hr parking 9am-6pm
34.13723063,-118.1396189,1849, 2 hr parking 9am-6pm
34.13770868,-118.1396203,1850, 2 hr parking 9am-6pm
34.13815209,-118.139627,1851, 2 hr parking 9am-6pm
34.13859748,-118.1396289,1852, 2 hr parking 9am-6pm
34.13870174,-118.1396289,1853, no parking during street cleaning days
34.13901138,-118.1396351,1854, 2 hr parking 9am-6pm
34.13946109,-118.1396398,1855, 2 hr parking 9am-6pm
34.13994148,-118.1396431,1856, 2 hr parking 9am-6pm
34.13997728,-118.1396441,1857, no parking during street cleaning days
34.14078934,-118.1396474,1858, 2 hr parking 9am-6pm
34.14118317,-118.1396512,1859, 2 hr parking 9am-6pm
34.14154788,-118.1396564,1860, 2 hr parking 9am-6pm
34.14199285,-118.1396607,1861, 2 hr parking 9am-6pm
34.1422777,-118.139665,1862, no parking during street cleaning days
34.14281827,-118.1396717,1863, 2 hr parking 9am-6pm
34.14335962,-118.1396745,1864, 2 hr parking 9am-6pm
34.14382111,-118.1396807,1865, 1 hr parking 9am-6pm
34.14406936,-118.1396736,1866, 1 hr parking 9am-6pm
34.14438685,-118.1396845,1867, 1 hr parking 9am-6pm
34.14489042,-118.139655,1868, 1 hr parking 9am-6pm
34.14529722,-118.1396574,1869, 1 hr parking 9am-6pm
34.14552264,-118.1396607,1870, 1 hr parking 9am-6pm
34.12683098,-118.1504221,1871, 1 hr parking 9am-6pm
34.14452632,-118.155379,1872, no stopping anytime
34.14448898,-118.1549577,1873, no stopping anytime
34.14444824,-118.1545188,1874, no stopping anytime
34.14444678,-118.154231,1875, no stopping anytime
34.14442932,-118.1538577,1876, bus stop Pasadena arts
34.14442399,-118.1534546,1877, 2 hr parking
34.14442593,-118.1530872,1878, 2 hr parking
34.14442884,-118.1526377,1879, 2 hr parking
34.14443466,-118.1522287,1880, parking direction
34.14443563,-118.1518929,1881, 2 hr parking
34.14443757,-118.1517224,1882, 2 hr parking
34.14443708,-118.1514065,1883, 2 hr parking
34.14443999,-118.1508123,1884, 2 hr parking
34.14444096,-118.1506845,1885, bus stop Pasadena arts
34.14444609,-118.150222,1886, 2 hr parking
34.14444819,-118.149738,1887, 2 hr parking
34.13662889,-118.1321587,1888, pay direction
34.13733711,-118.1321647,1889, pay direction
34.1444507,-118.1492854,1890, 2 hr parking
34.14445121,-118.1491299,1891, bus stop Pasadena arts
34.1444563,-118.1486712,1892, 2 hr parking
34.14445833,-118.1482968,1893, 2 hr parking
34.14443696,-118.1478689,1894, bus stop Pasadena arts
34.144439,-118.1478603,1895, no stopping anytime
34.14444002,-118.1468262,1896, no stopping anytime
34.14444256,-118.1463614,1897, parking direction
34.1444451,-118.1461641,1898, no stopping anytime
34.14445223,-118.1456089,1899, no stopping anytime
34.14445274,-118.1454128,1900, no stopping anytime
34.14445223,-118.1451927,1901, no stopping anytime
34.14445223,-118.1450421,1902, no stopping anytime
34.14445274,-118.1447107,1903, no stopping anytime
34.14445019,-118.1438285,1904, no stopping anytime
34.14444867,-118.1436225,1905, no stopping anytime
34.14444816,-118.1434203,1906, no stopping anytime
34.14444816,-118.1432174,1907, no stopping anytime
34.14445274,-118.142752,1908, no stopping anytime
34.1444563,-118.1425245,1909, bus stop Pasadena arts
34.14445782,-118.1423837,1910, no stopping anytime
34.14446393,-118.1418568,1911, no stopping anytime
34.14448886,-118.1410225,1912, bus stop Pasadena arts
34.14448988,-118.1409149,1913, 1 hr parking 9am-6pm
34.14449497,-118.1405836,1914, 1 hr parking 9am-6pm
34.14450107,-118.1402749,1915, 1 hr parking 9am-6pm
34.14450413,-118.1400776,1916, 1 hr parking 9am-6pm
34.14451837,-118.1392187,1917, 1 hr parking 9am-6pm
34.14452397,-118.1388744,1918, 1 hr parking 9am-6pm
34.14452957,-118.1379947,1919, bus stop Pasadena arts
34.14452448,-118.1378483,1920, 1 hr parking 9am-6pm
34.14448886,-118.1373977,1921, no stopping anytime
34.14446139,-118.136379,1922, 1 hr parking 9am-6pm
34.1444619,-118.1360593,1923, 1 hr parking 9am-6pm
34.1444624,-118.1357217,1924, 1 hr parking 9am-6pm
34.144468,-118.1346969,1925, 1 hr parking 9am-6pm
34.14447258,-118.1343317,1926, 1 hr parking 9am-6pm
34.14447411,-118.1341473,1927, 1 hr parking 9am-6pm
34.14447512,-118.1337329,1928, no stopping anytime
34.14447614,-118.1335669,1929, bus stop Pasadena arts
34.14447665,-118.1334046,1930, 1 hr parking 9am-6pm
34.14448021,-118.1330664,1931, no stopping anytime
34.14448327,-118.1325408,1932, no stopping anytime
34.14448886,-118.1317606,1933, 1 hr parking 9am-6pm
34.14449395,-118.1313591,1934, 1 hr parking 9am-6pm
34.14456968,-118.1537572,1935, 2 hr parking
34.14457007,-118.1535324,1936, 2 hr parking
34.14457165,-118.1532733,1937, 2 hr parking
34.14457715,-118.15242,1938, 2 hr parking
34.14457204,-118.1514341,1939, 2 hr parking
34.14458384,-118.1509873,1940, 2 hr parking
34.14458699,-118.1506921,1941, 2 hr parking
34.14458896,-118.14999,1942, no parking anytime
34.14459604,-118.1490202,1943, no parking anytime
34.14459643,-118.1485506,1944, 2 hr parking
34.14459722,-118.148428,1945, 2 hr parking
34.14459919,-118.148311,1946, no parking anytime
34.14458109,-118.1480776,1947, no parking anytime
34.1445862,-118.1476436,1948, no parking anytime
34.1445866,-118.1470485,1949, no stopping anytime
34.14460469,-118.1465693,1950, no stopping anytime
34.14461059,-118.1461405,1951, no stopping anytime
34.14459368,-118.145601,1952, no stopping anytime
34.14462436,-118.145129,1953, 1 hr parking
34.14462476,-118.1449707,1954, 1 hr parking
34.1446224,-118.1448328,1955, 1 hr parking
34.14462397,-118.1447173,1956, 1 hr parking
34.14459958,-118.1443983,1957, parking direction
34.14460037,-118.1441868,1958, no stopping anytime
34.14460155,-118.1438769,1959, no stopping anytime
34.14463198,-118.1435661,1960, no stopping anytime
34.14463345,-118.1434411,1961, no stopping anytime
34.14463205,-118.1433163,1962, no stopping anytime
34.1446411,-118.1424635,1963, 1 hr parking
34.14463245,-118.1419534,1964, no stopping anytime
34.14463638,-118.1415831,1965, no stopping anytime
34.14463913,-118.1409209,1966, 1 hr parking
34.14464149,-118.1406058,1967, 1 hr parking 9am-6pm
34.144647,-118.1402559,1968, 1 hr parking
34.14466274,-118.1392153,1969, 1 hr parking
34.14466825,-118.1388774,1970, 1 hr parking
34.14466628,-118.1377935,1971, 1 hr parking
34.14460766,-118.1370239,1972, 1 hr parking 9am-6pm
34.14460471,-118.1364476,1973, 1 hr parking 9am-6pm
34.14460628,-118.1360416,1974, 1 hr parking 9am-6pm
34.14460864,-118.1356832,1975, 1 hr parking 9am-6pm
34.14461379,-118.1349373,1976, 1 hr parking 9am-6pm
34.1446118,-118.1345767,1977, 1 hr parking 9am-6pm
34.14463127,-118.1337379,1978, 1 hr parking 9am-6pm
34.14462571,-118.1335727,1979, 1 hr parking 9am-6pm
34.14462611,-118.133299,1980, no stopping anytime
34.14462849,-118.1328001,1981, no stopping anytime
34.14463564,-118.1325644,1982, no stopping anytime
34.14462929,-118.1321831,1983, no stopping anytime
34.14463405,-118.1318845,1984, no stopping anytime
34.14464319,-118.1313885,1985, 1 hr parking 9am-6pm
34.14465233,-118.1302966,1986, 1 hr parking 9am-6pm
34.13912179,-118.1321828,1987, 1 hr parking 9am-6pm
34.13939324,-118.132181,1988, 1 hr parking 9am-6pm
34.13974924,-118.132184,1989, 1 hr parking 9am-6pm
34.14010294,-118.1321873,1990, 1 hr parking 9am-6pm
34.1401651,-118.1321883,1991, pay direction
34.1411003,-118.1321968,1992, bus stop metro
34.14124705,-118.1322016,1993, 1 hr parking 9am-6pm
34.14146108,-118.1321983,1994, 1 hr parking 9am-6pm
34.14190763,-118.1322063,1995, 1 hr parking 9am-6pm
34.1419694,-118.1322082,1996, pay direction
34.14222119,-118.1322078,1997, 1 hr parking 9am-6pm
34.14308516,-118.1322149,1998, 1 hr parking 9am-6pm
34.14383503,-118.1322206,1999, pay direction
34.14411554,-118.1322258,2000, 1 hr parking 9am-6pm
34.14424025,-118.1322249,2001, parking direction
34.14995213,-118.1322662,2002, bus stop metro
34.15017243,-118.1322672,2003, no stopping anytime
34.15147571,-118.1325976,2004, bus stop metro
34.15136325,-118.1325907,2005, no stopping anytime
34.15092639,-118.132553,2006, no stopping anytime
34.15072437,-118.1325486,2007, no stopping anytime
34.14995531,-118.132536,2008, no stopping anytime
34.14485665,-118.1522947,2009, no stopping anytime
34.14421039,-118.1524264,2010, 2 hr parking
34.14400797,-118.1524264,2011, 2 hr parking
34.14388468,-118.1524222,2012, 2 hr parking
34.14323038,-118.1524194,2013, 4 hr parking
34.14271199,-118.1524146,2014, 4 hr parking
34.14208693,-118.1524111,2015, 2 hr parking 9am-6pm
34.14173139,-118.1524077,2016, 2 hr parking 9am-6pm
34.14145785,-118.152407,2017, 2 hr parking 9am-6pm
34.14118546,-118.1524042,2018, 2 hr parking 9am-6pm
34.14098001,-118.1522742,2019, 2 hr parking 9am-6pm
34.14126854,-118.1522772,2020, 2 hr parking 9am-6pm
34.14152005,-118.1522774,2021, 2 hr parking 9am-6pm
34.14216307,-118.1522852,2022, 2 hr parking 9am-6pm
34.14253132,-118.1522854,2023, 4 hr parking
34.14322591,-118.1522943,2024, 4 hr parking
34.14376294,-118.1522954,2025, 2 hr parking
34.14409754,-118.1523011,2026, 2 hr parking
34.14469333,-118.1521674,2027, 2 hr parking
34.14482001,-118.1521697,2028, 2 hr parking
34.14503088,-118.1521726,2029, 2 hr parking
34.14520713,-118.1521702,2030, no stopping anytime
34.14535033,-118.152175,2031, no stopping anytime
34.14549432,-118.1521759,2032, no stopping anytime
34.14633741,-118.152184,2033, passenger loading only
34.14666276,-118.1521878,2034, no parking anytime
34.14759975,-118.1517931,2035, passenger loading only
34.14760034,-118.1516434,2036, passenger loading only
34.14755727,-118.1502915,2037, commercial loading only
34.14756022,-118.1498423,2038, 2 hr parking
34.14756474,-118.1495138,2039, 2 hr parking
34.14756959,-118.1485187,2040, 2 hr parking
34.14757107,-118.1482858,2041, no stopping anytime
34.14757845,-118.1480249,2042, pay direction
34.14753763,-118.1472614,2043, church parking / senior center parking
34.14754992,-118.1469839,2044, handicap parking only
34.14755386,-118.1468163,2045, 2 hr parking 7am-6pm
34.14755828,-118.1463481,2046, 2 hr parking 7am-6pm
34.14753468,-118.1456273,2047, 1 hr parking 7am-5pm
34.14753615,-118.145395,2048, 1 hr parking 7am-5pm
34.14753812,-118.1451644,2049, 1 hr parking 7am-5pm
34.14754058,-118.1449321,2050, 1 hr parking 7am-5pm
34.15108757,-118.1452679,2051, no parking anytime
34.15090851,-118.1452619,2052, no parking anytime
34.1504179,-118.1452619,2053, no parking anytime
34.14922928,-118.144406,2054, 1 hr parking 7am-5pm
34.14898718,-118.1443965,2055, handicap parking only
34.14890968,-118.144396,2056, handicap parking only
34.14809535,-118.1444752,2057, 1 hr parking 7am-5pm
34.14786637,-118.144591,2058, 1 hr parking 7am-5pm
34.14775653,-118.1447055,2059, 1 hr parking 7am-5pm
34.14754207,-118.144702,2060, 1 hr parking 7am-5pm
34.14743397,-118.1445847,2061, 1 hr parking 7am-5pm
34.14719511,-118.1444674,2062, 1 hr parking 7am-5pm
34.14705156,-118.144466,2063, 1 hr parking 7am-5pm
34.14654186,-118.1443747,2064, 30 min parking 7am-6pm
34.1463431,-118.144374,2065, 30 min parking 7am-6pm
34.14615015,-118.1443719,2066, 30 min parking 7am-6pm
34.14636054,-118.1441655,2067, 30 min parking 7am-6pm
34.14616816,-118.1441641,2068, 30 min parking 7am-6pm
34.14655349,-118.1441669,2069, 30 min parking 7am-6pm
34.14674237,-118.1441697,2070, 30 min parking 7am-6pm
34.14720673,-118.1440959,2071, 1 hr parking 7am-5pm
34.14745025,-118.1441528,2072, no parking anytime
34.14755951,-118.1441212,2073, no parking anytime
34.14775013,-118.1441226,2074, no parking anytime
34.14783789,-118.1441739,2075, no parking anytime
34.14793146,-118.1441009,2076, handicap parking only
34.14801341,-118.1441051,2077, 1 hr parking 7am-5pm
34.14886191,-118.1441914,2078, 1 hr parking 7am-5pm
34.14904266,-118.1441929,2079, 1 hr parking 7am-5pm
34.13643936,-118.1472253,2080, no stopping 6am-9am
34.13673892,-118.1472281,2081, no stopping 6am-9am
34.13697845,-118.1472329,2082, no stopping 6am-9am
34.13723854,-118.1472356,2083, no stopping 6am-9am
34.13750771,-118.1472375,2084, no stopping 6am-9am
34.13778181,-118.1472398,2085, no stopping 6am-9am
34.13847613,-118.1472439,2086, no stopping 6am-9am
34.13905839,-118.1472484,2087, no stopping 6am-9am
34.13929803,-118.147253,2088, no stopping 6am-9am
34.13956531,-118.1472709,2089, no stopping 6am-9am
34.13982917,-118.1472795,2090, no stopping 6am-9am
34.14036562,-118.1472841,2091, no stopping anytime (TOW AWAY)
34.14123671,-118.1472937,2092, no stopping 6am-9am
34.14182879,-118.1473006,2093, no stopping anytime (TOW AWAY)
34.14212407,-118.1473001,2094, no stopping anytime (TOW AWAY)
34.14269154,-118.1473084,2095, no stopping 6am-9am
34.14298796,-118.1473116,2096, no stopping 6am-9am
34.14326431,-118.1473157,2097, no stopping 6am-9am
34.14350734,-118.1473143,2098, no stopping anytime (TOW AWAY)
34.14377309,-118.1473189,2099, no stopping anytime (TOW AWAY)
34.14410168,-118.147323,2100, no stopping anytime (TOW AWAY)
34.14502801,-118.1473925,2101, no stopping anytime
34.14548,-118.1473998,2102, no stopping anytime
34.14705589,-118.1475544,2103, 2 hr parking
34.14733412,-118.1475581,2104, 2 hr parking
34.14746358,-118.1477722,2105, 2 hr parking
34.14717665,-118.1477713,2106, 2 hr parking
34.14700252,-118.1477671,2107, 2 hr parking
34.14641615,-118.147763,2108, 2 hr parking
34.14610385,-118.147758,2109, commercial loading only
34.14411304,-118.1476038,2110, bus stop metro
34.14355466,-118.1475956,2111, 2 hr parking 9am-6pm
34.14326696,-118.1475942,2112, 2 hr parking 9am-6pm
34.1429819,-118.147592,2113, 2 hr parking 9am-6pm
34.14269306,-118.1475887,2114, 2 hr parking 9am-6pm
34.14240497,-118.1475874,2115, bus stop metro
34.14144716,-118.1475768,2116, passenger loading only
34.14123398,-118.1475768,2117, passenger loading only
34.14024288,-118.147564,2118, bus stop metro
34.14009388,-118.1475647,2119, no stopping anytime (TOW AWAY)
34.13981318,-118.1475593,2120, no stopping anytime (TOW AWAY)
34.13954977,-118.1475519,2121, no stopping anytime (TOW AWAY)
34.1392819,-118.1475249,2122, no stopping 6am-9am
34.13901459,-118.1475216,2123, no stopping 6am-9am
34.13873946,-118.1475189,2124, no stopping 6am-9am
34.1386658,-118.1475189,2125, no stopping anytime (TOW AWAY)
34.13799835,-118.1475121,2126, no stopping anytime (TOW AWAY)
34.13788617,-118.1475087,2127, bus stop metro
34.13777065,-118.1475081,2128, no stopping 6am-9am
34.13749831,-118.1475087,2129, no stopping 6am-9am
34.13722932,-118.1475074,2130, no stopping 6am-9am
34.13697651,-118.1475034,2131, no stopping 6am-9am
34.13673096,-118.1475027,2132, no stopping 6am-9am
34.13550254,-118.1474892,2133, bus stop Pasadena arts
34.14067372,-118.1533963,2134, no parking anytime
34.1406754,-118.1531083,2135, no stopping anytime
34.14067477,-118.152774,2136, 2 hr parking 9am-6pm
34.14067709,-118.1521741,2137, 2 hr parking 9am-6pm
34.14067953,-118.1517618,2138, 2 hr parking 9am-6pm
34.14067009,-118.1512375,2139, no stopping anytime
34.14061973,-118.1508848,2140, no stopping anytime
34.14057527,-118.1505976,2141, no stopping anytime
34.14048635,-118.1500462,2142, 4 hr parking
34.14048832,-118.1495362,2143, no parking anytime
34.14049225,-118.1490532,2144, 2 hr parking 9am-4pm
34.14049658,-118.148487,2145, no parking anytime
34.14043442,-118.1479851,2146, no parking anytime
34.14049461,-118.1483273,2147, no stopping anytime
34.14042497,-118.1466626,2148, no stopping anytime
34.14042025,-118.1463479,2149, no stopping anytime
34.14037776,-118.1460656,2150, no stopping anytime
34.14030537,-118.1455793,2151, 2 hr parking 9am-4pm
34.1402853,-118.1447431,2152, 2 hr parking 9am-4pm
34.14028845,-118.1439207,2153, 2 hr parking 9am-4pm
34.14029121,-118.1434801,2154, 2 hr parking 9am-4pm
34.14029986,-118.1422232,2155, 2 hr parking 9am-4pm
34.14030734,-118.1410486,2156, bus stop metro
34.14030891,-118.1406607,2157, 2 hr parking 9am-4pm
34.14030812,-118.140462,2158, 2 hr parking 9am-4pm
34.14031127,-118.1398982,2159, 2 hr parking 9am-4pm
34.14031521,-118.1394386,2160, 2 hr parking 9am-4pm
34.14031717,-118.1390607,2161, 2 hr parking 9am-4pm
34.14032071,-118.1385468,2162, 2 hr parking 9am-4pm
34.14032111,-118.1382145,2163, 2 hr parking 9am-4pm
34.14032386,-118.137751,2164, 2 hr parking 9am-4pm
34.14032701,-118.1375005,2165, no stopping anytime
34.14030773,-118.1364462,2166, bus stop metro
34.14030891,-118.1361567,2167, no parking anytime
34.14031206,-118.1358848,2168, no parking anytime
34.14033134,-118.1339791,2169, bus stop metro
34.1403636,-118.1332689,2170, no parking anytime
34.14037819,-118.1327734,2171, no parking anytime
34.14730302,-118.1405145,2172, 1 hr parking 9am-6pm
34.14731643,-118.1409062,2173, bus stop foothill
34.14732797,-118.1416519,2174, no stopping anytime
34.14724873,-118.141967,2175, no stopping anytime
34.14709055,-118.1423052,2176, no stopping anytime
34.14702441,-118.1426358,2177, no stopping anytime
34.1470266,-118.143283,2178, handicap parking only
34.14686,-118.1448219,2179, no parking anytime
34.14685781,-118.145025,2180, pay direction
34.14687592,-118.1462424,2181, 1 hr parking 7am-6pm
34.14687641,-118.1465526,2182, 1 hr parking 7am-6pm
34.14687051,-118.1473494,2183, 1 hr parking 7am-6pm
34.14684051,-118.1481331,2184, 2 hr parking
34.14683805,-118.1484492,2185, 2 hr parking
34.14683756,-118.1486073,2186, 2 hr parking
34.14683067,-118.1490797,2187, 2 hr parking
34.14683117,-118.1495889,2188, 2 hr parking
34.1468292,-118.1498747,2189, electric vehicle charging station
34.14682527,-118.1499371,2190, commercial loading only
34.14682576,-118.1501611,2191, commercial loading only
34.13595216,-118.1540148,2192, no stopping anytime
34.1362002,-118.1540151,2193, no stopping anytime
34.13748479,-118.1540291,2194, 2 hr parking 9am-6pm
34.13767916,-118.1540329,2195, 2 hr parking 9am-6pm
34.13797936,-118.1540334,2196, 2 hr parking 9am-6pm
34.13884408,-118.1540292,2197, no parking 7am-9am
34.13898309,-118.1540297,2198, no parking 7am-9am
34.13974185,-118.154034,2199, no parking anytime
34.13993239,-118.1540381,2200, no parking anytime
34.14020901,-118.1540413,2201, no stopping anytime
34.14050481,-118.1540441,2202, no stopping anytime
34.14141515,-118.1540504,2203, 2 hr parking 9am-6pm
34.14171912,-118.1540543,2204, 2 hr parking 9am-6pm
34.1419746,-118.1540562,2205, 2 hr parking 9am-6pm
34.14213719,-118.1540591,2206, 2 hr parking 9am-6pm
34.1425196,-118.1540609,2207, 4 hr parking
34.14270491,-118.1540598,2208, 4 hr parking
34.14291706,-118.1540644,2209, 4 hr parking
34.14314043,-118.1540666,2210, 4 hr parking
34.14345728,-118.1540677,2211, 4 hr parking
34.14378658,-118.1540701,2212, parking direction
34.14414892,-118.1540753,2213, 2 hr parking
34.14483964,-118.1540802,2214, 2 hr parking
34.14512204,-118.1540838,2215, 2 hr parking
34.14542725,-118.1540878,2216, 2 hr parking
34.14601052,-118.154093,2217, 2 hr parking
34.14613515,-118.154094,2218, 2 hr parking
34.14634532,-118.1540953,2219, 2 hr parking
34.14707385,-118.1541048,2220, no stopping anytime
34.14736928,-118.1541038,2221, no stopping anytime
34.14772173,-118.154112,2222, no stopping anytime
34.14791805,-118.1541097,2223, no stopping anytime
34.14820017,-118.1540835,2224, no stopping anytime
34.14848093,-118.1540855,2225, no stopping anytime
34.14892271,-118.1540481,2226, no stopping anytime
34.14954044,-118.1536301,2227, no stopping anytime
34.1421808,-118.1468797,2228, no stopping anytime
34.14218252,-118.1465491,2229, no stopping anytime
34.14218552,-118.1462834,2230, no stopping anytime
34.14215301,-118.1453796,2231, 2 hr parking 9am-6pm
34.14213636,-118.1450366,2232, 2 hr parking 9am-6pm
34.1421099,-118.1447089,2233, 2 hr parking 9am-6pm
34.14207926,-118.1443463,2234, 2 hr parking 9am-6pm
34.1420524,-118.1426408,2235, no stopping anytime
34.14203784,-118.1422682,2236, no stopping anytime
34.14203509,-118.1417771,2237, no stopping anytime
34.14204886,-118.1412048,2238, no stopping anytime
34.14215666,-118.1406339,2239, no stopping anytime
34.14233432,-118.1400891,2240, no stopping anytime
34.1424601,-118.139383,2241, 2 hr parking 9am-6pm
34.14246386,-118.1386968,2242, 2 hr parking 9am-6pm
34.14246861,-118.1380581,2243, 2 hr parking 9am-6pm
34.14246861,-118.1377696,2244, 2 hr parking 9am-6pm
34.14246886,-118.1372514,2245, 2 hr parking 9am-6pm
34.14246185,-118.1361141,2246, 2 hr parking 9am-6pm
34.14246586,-118.1356017,2247, 2 hr parking 9am-6pm
34.14247036,-118.1348989,2248, 2 hr parking 9am-6pm
34.14247136,-118.1343521,2249, 2 hr parking 9am-6pm
34.1424576,-118.1336484,2250, no stopping anytime
34.14245635,-118.1331979,2251, no stopping anytime
34.14242835,-118.1329462,2252, commercial loading only
34.1424381,-118.132716,2253, commercial loading only
34.1424566,-118.132509,2254, no stopping anytime
34.14246711,-118.1320824,2255, no stopping anytime
34.14247211,-118.1314113,2256, no stopping anytime
34.14247036,-118.1311291,2257, no stopping anytime
34.14564619,-118.1538339,2258, pay direction
34.14565135,-118.1536992,2259, 2 hr parking
34.1456594,-118.1534812,2260, pay direction
34.14566681,-118.1531901,2261, 2 hr parking
34.14566745,-118.153008,2262, pay direction
34.14567035,-118.1527986,2263, 2 hr parking
34.14567003,-118.1527231,2264, pay direction
34.14567003,-118.152609,2265, pay direction
34.14567389,-118.1519513,2266, bus stop metro
34.14567518,-118.1517181,2267, 2 hr parking
34.14567454,-118.150988,2268, 2 hr parking
34.14567228,-118.1508074,2269, pay direction
34.14567679,-118.1500651,2270, bus stop metro
34.14568549,-118.1497405,2271, pay direction
34.14568871,-118.1494743,2272, 2 hr parking
34.14568936,-118.1493754,2273, pay direction
34.14568968,-118.1492665,2274, pay direction
34.14569129,-118.1491431,2275, pay direction
34.14570546,-118.1485429,2276, bus stop metro
34.14570578,-118.1483191,2277, 2 hr parking
34.14570675,-118.1481969,2278, pay direction
34.14570804,-118.148035,2279, pay direction
34.14570868,-118.1478564,2280, pay direction
34.14570997,-118.1477999,2281, pay direction
34.14571448,-118.1471258,2282, bus stop metro
34.14571738,-118.1469748,2283, no stopping anytime (TOW AWAY)
34.14571899,-118.1464474,2284, no stopping anytime (TOW AWAY)
34.14572253,-118.1456176,2285, bus stop metro
34.14572511,-118.1450291,2286, pay direction
34.14572414,-118.1451879,2287, 1 hr parking 7am-8pm
34.14572737,-118.1448127,2288, 1 hr parking 7am-8pm
34.14572769,-118.144643,2289, pay direction
34.14572865,-118.1445586,2290, 1 hr parking 7am-8pm
34.14575507,-118.1441522,2291, no stopping anytime
34.14573445,-118.1437513,2292, bus stop metro
34.1457454,-118.1419785,2293, parking direction
34.14575056,-118.1411425,2294, bus stop metro
34.14575249,-118.140912,2295, 1 hr parking 9am-6pm
34.1457541,-118.1405995,2296, 1 hr parking 9am-6pm
34.14575571,-118.1402652,2297, 1 hr parking 9am-6pm
34.1457602,-118.1394517,2298, bus stop metro
34.14576232,-118.1392367,2299, 1 hr parking 9am-6pm
34.14576444,-118.1388571,2300, 1 hr parking 9am-6pm
34.14576833,-118.1381352,2301, bus stop metro
34.1457694,-118.1378424,2302, 1 hr parking 9am-6pm
34.14577293,-118.137444,2303, 1 hr parking 9am-6pm
34.14577718,-118.1365922,2304, bus stop metro
34.14577682,-118.1364062,2305, 1 hr parking 9am-6pm
34.14578072,-118.1359985,2306, 1 hr parking 9am-6pm
34.14578107,-118.1355629,2307, 1 hr parking 9am-6pm
34.14578425,-118.1349406,2308, 1 hr parking 9am-6pm
34.14578779,-118.1348128,2309, 1 hr parking 9am-6pm
34.14578885,-118.134452,2310, 1 hr parking 9am-6pm
34.14579239,-118.1335993,2311, bus stop metro
34.1457938,-118.1333672,2312, 1 hr parking 9am-6pm
34.14580371,-118.131961,2313, bus stop metro
34.1458076,-118.1315596,2314, 1 hr parking 9am-6pm
34.14580937,-118.131148,2315, 1 hr parking 9am-6pm
34.1478608,-118.1307632,2316, parking direction
34.14781985,-118.1310016,2317, parking direction
34.14779742,-118.1312472,2318, 2 hr parking 9am-6pm
34.14771873,-118.1318534,2319, 2 hr parking 9am-6pm
34.14769238,-118.1327991,2320, 1 hr parking 9am-6pm
34.14769131,-118.1329419,2321, 1 hr parking 9am-6pm
34.1476874,-118.1336419,2322, 1 hr parking 9am-6pm
34.14768277,-118.134104,2323, no parking anytime
34.14767921,-118.1346215,2324, no parking anytime
34.14767671,-118.1348892,2325, no parking anytime
34.14761227,-118.135701,2326, 2 hr parking 9am-6pm
34.14735982,-118.1362134,2327, 2 hr parking 9am-6pm
34.14726262,-118.1364419,2328, 2 hr parking 9am-6pm
34.14716933,-118.1371999,2329, 1 hr parking 9am-6pm
34.14716791,-118.1375063,2330, 1 hr parking 9am-6pm
34.14716719,-118.1377511,2331, 1 hr parking 9am-6pm
34.14716078,-118.13872,2332, 1 hr parking 9am-6pm
34.14714975,-118.1391902,2333, 1 hr parking 9am-6pm
34.14714191,-118.1394109,2334, 15 min parking 6am-6pm ex Sat Sun
34.14713586,-118.140283,2335, 1 hr parking 9am-6pm
34.1471501,-118.140795,2336, 1 hr parking 9am-6pm
34.1470472,-118.1419002,2337, no stopping anytime
34.146924,-118.1422311,2338, no stopping anytime
34.14685208,-118.1425572,2339, no stopping anytime
34.14684638,-118.1427758,2340, parking direction
34.14683534,-118.1434874,2341, no parking anytime
34.14683428,-118.1436388,2342, no parking anytime
34.14675167,-118.1446172,2343, no parking anytime
34.14674811,-118.1454793,2344, no parking anytime
34.14673137,-118.14636,2345, no stopping anytime (TOW AWAY)
34.14673102,-118.1467382,2346, no stopping anytime (TOW AWAY)
34.14672781,-118.147119,2347, no stopping anytime (TOW AWAY)
34.14673315,-118.1481214,2348, no stopping anytime (TOW AWAY)
34.14672924,-118.1487638,2349, parking direction
34.14672354,-118.1493024,2350, no stopping anytime (TOW AWAY)
34.14671998,-118.1498832,2351, no stopping anytime (TOW AWAY)
34.1467125,-118.1509498,2352, commercial loading only
34.14671393,-118.151096,2353, commercial loading only
34.14671108,-118.1513314,2354, commercial loading only
34.14670965,-118.1515792,2355, commercial loading only
34.14670823,-118.1518339,2356, no stopping anytime
34.14665767,-118.1528307,2357, 2 hr parking
34.14665482,-118.1531354,2358, 2 hr parking
34.14665304,-118.153421,2359, 2 hr parking
34.13363166,-118.1502603,2360, no stopping anytime
34.15053908,-118.1506729,2361, no stopping anytime
34.15030826,-118.1506753,2362, no stopping anytime
34.14994217,-118.1506753,2363, no stopping anytime
34.14935265,-118.1506818,2364, no stopping anytime
34.14928872,-118.1506786,2365, no stopping anytime
34.14916758,-118.1506786,2366, no stopping anytime
34.14880284,-118.1506835,2367, no stopping anytime
34.14847645,-118.1506835,2368, no stopping anytime
34.1482012,-118.1506859,2369, no stopping anytime
34.14792461,-118.1506884,2370, no stopping anytime
34.14786067,-118.1506851,2371, bus stop foothill
34.14727653,-118.1506843,2372, no stopping anytime
34.14701541,-118.1506818,2373, no stopping anytime
34.14691177,-118.150681,2374, no stopping anytime
34.14639103,-118.1505628,2375, no stopping anytime
34.14616524,-118.1505616,2376, no stopping anytime
34.14528011,-118.1505531,2377, bus stop metro
34.14520434,-118.1505531,2378, no stopping anytime
34.14477432,-118.1505506,2379, no stopping anytime
34.14430064,-118.1505804,2380, bus stop metro
34.14388617,-118.1505755,2381, 2 hr parking
34.14275915,-118.1505652,2382, 4 hr parking
34.14191965,-118.1505579,2383, 4 hr parking
34.140345,-118.1505422,2384, bus stop metro
34.13950548,-118.1505349,2385, 2 hr parking 9am-6pm ex Sun
34.13910704,-118.1505337,2386, 2 hr parking 9am-6pm ex Sun
34.13871663,-118.150527,2387, 2 hr parking 9am-6pm ex Sun
34.13811646,-118.1505234,2388, bus stop metro
34.13802814,-118.1505197,2389, 2 hr parking 9am-6pm ex Sun
34.13772097,-118.1505196,2390, 2 hr parking 9am-6pm ex Sun
34.13716008,-118.1505113,2391, 1 hr parking 7am-6pm
34.13697887,-118.1505126,2392, 1 hr parking 7am-6pm
34.13667178,-118.1505113,2393, 1 hr parking 7am-6pm
34.1354098,-118.1505015,2394, bus stop metro
34.13516131,-118.1504975,2395, parking direction
34.13431003,-118.1504897,2396, parking direction
34.13386079,-118.1504844,2397, bus stop metro
34.13322001,-118.1504798,2398, no stopping anytime
34.13278866,-118.1504765,2399, no stopping anytime
34.13136928,-118.1504615,2400, bus stop metro
34.13038068,-118.1504536,2401, 1 hr parking 9am-6pm
34.12973988,-118.150449,2402, bus stop Pasadena arts
34.12835788,-118.1504372,2403, 1 hr parking 9am-6pm
34.12772249,-118.1504313,2404, bus stop metro
34.14919822,-118.1325297,2405, bus stop metro
34.14850049,-118.1325265,2406, no stopping anytime
34.14808497,-118.132519,2407, no stopping anytime
34.14754916,-118.1325127,2408, bus stop metro
34.14722684,-118.1325102,2409, no stopping 7am-7pm ex Sat Sun
34.14672644,-118.1325052,2410, no stopping 7am-7pm ex Sat Sun
34.14535071,-118.1325265,2411, bus stop metro
34.1451518,-118.1324932,2412, 1 hr parking 9am-6pm
34.14482739,-118.1324901,2413, 1 hr parking 9am-6pm
34.14430614,-118.1324762,2414, bus stop metro
34.14402183,-118.1324756,2415, 1 hr parking 9am-6pm
34.14382135,-118.1324706,2416, 1 hr parking 9am-6pm
34.14368596,-118.1324687,2417, 1 hr parking 9am-6pm
34.14338185,-118.1324668,2418, no parking 6pm-12am Fri-Sat
34.14327875,-118.1324668,2419, 1 hr parking 9am-6pm
34.14311784,-118.1324661,2420, pay direction
34.1428934,-118.1324636,2421, parking direction
34.14229299,-118.1324592,2422, bus stop metro
34.1419743,-118.1324536,2423, pay direction
34.14166706,-118.1324536,2424, 1 hr parking 9am-6pm
34.14139732,-118.1324473,2425, pay direction
34.14124734,-118.1324479,2426, pay direction
34.14102967,-118.1324466,2427, 1 hr parking 9am-6pm
34.14093646,-118.132446,2428, parking direction
34.14018085,-118.1324429,2429, bus stop metro
34.13990277,-118.1324359,2430, 1 hr parking
34.13958928,-118.1324334,2431, 1 hr parking 9am-6pm
34.13943305,-118.1324315,2432, pay direction
34.13922006,-118.1324297,2433, 1 hr parking 9am-6pm
34.13895031,-118.1324278,2434, 1 hr parking 9am-6pm
34.13870972,-118.1324246,2435, pay direction
34.13850037,-118.132424,2436, 1 hr parking 9am-6pm
34.13756143,-118.1324133,2437, bus stop metro
34.13738281,-118.1324139,2438, 1 hr parking 9am-6pm
34.13727553,-118.1324127,2439, pay direction
34.13713961,-118.1324127,2440, 1 hr parking 9am-6pm
34.13690369,-118.1324039,2441, 1 hr parking 9am-6pm
34.13675653,-118.1324053,2442, pay direction
34.13661795,-118.1324056,2443, 1 hr parking 9am-6pm
34.13642269,-118.1324053,2444, pay direction
34.13628068,-118.1324025,2445, 1 hr parking 9am-6pm
34.1507583,-118.1506757,2446, no stopping anytime
34.13838901,-118.1498452,2447, 2 hr parking 9am-6pm ex Sun
34.13832907,-118.1500008,2448, 2 hr parking 9am-6pm ex Sun
34.13833351,-118.1492873,2449, 2 hr parking 9am-6pm ex Sun
34.13837791,-118.1492095,2450, 2 hr parking 9am-6pm ex Sun