lat,lng,id,00:00,00:30,01:00,01:30,02:00,02:30,03:00,03:30,04:00,04:30,05:00,05:30,06:00,06:30,07:00,07:30,08:00,08:30,09:00,09:30,10:00,10:30,11:00,11:30,12:00,12:30,13:00,13:30,14:00,14:30,15:00,15:30,16:00,16:30,17:00,17:30,18:00,18:30,19:00,19:30,20:00,20:30,21:00,21:30,22:00,22:30,23:00,23:30
34.14607996,-118.10176,0,0.147619,0.139333,0.13642,0.161333,0.141026,0.204667,0.20119,0.125333,0.14321,0.1,0.125309,0.143333,0.160494,0.359333,0.696296,1.168667,1.607407,1.392667,1.412963,1.265333,1.337654,1.294872,1.350617,1.408333,1.431548,1.533333,1.697531,1.786,2.028395,2.238667,2.373457,2.425641,2.328846,2.130556,2.237333,2.111594,2.203086,1.647333,1.272667,0.851852,0.705769,0.608974,0.582099,0.45,0.397531,0.310494,0.200575,0.238462
34.17458002,-118.09818,1,0.042857,0.004,0.007407,0.096,0.042308,0.08,0.032143,0.024,0.037037,0.032,0.077778,0.08,0.12963,0.364,0.507407,0.296,0.914815,0.224,0.248148,0.376,0.4,0.288462,0.37037,0.469231,0.135714,0.261538,0.192593,0.2,0.203704,0.216,0.196296,0.188462,0.280769,0.225,0.196,0.182609,0.325926,0.096,0.248,0.137037,0.034615,0.096154,0.014815,0.057692,0.114815,0.077778,0.106897,0.026923
34.11666996,-118.13028,2,0.125893,0.08,0.067593,0.137,0.051923,0.055,0.071429,0.059,0.073148,0.072,0.109259,0.118,0.191667,0.329,0.469444,0.688,0.943519,0.921,0.865741,0.748,0.831481,0.975962,0.984259,0.979808,1.134821,1.264423,1.156481,1.115,1.074074,1.222,1.317593,1.375962,1.193269,1.2125,1.151,1.247826,1.212037,1.088,0.835,0.831481,0.739423,0.558654,0.492593,0.449038,0.312037,0.346296,0.292241,0.184615
34.14872001,-118.16542,3,0.096429,0.036,0.044444,0.06,0.042308,0.04,0.055357,0.072,0.075926,0.04,0.172222,0.278,0.124074,0.046,0.085185,0.164,0.412963,0.848,0.851852,0.586,0.738889,0.898077,0.707407,0.707692,0.371429,0.601923,0.788889,0.592,0.52037,0.344,0.187037,0.303846,0.375,0.291667,0.43,0.204348,0.322222,0.342,0.468,0.490741,0.35,0.55,0.381481,0.511538,0.488889,0.531481,0.222414,0.094231
34.13667999,-118.1881,4,0.05,0.105,0.058333,0.039,0.067308,0.092,0.095536,0.052,0.071296,0.052,0.049074,0.082,0.064815,0.298,0.325926,0.679,0.665741,0.755,0.794444,1.142,1.023148,0.778846,0.803704,0.910577,0.796429,0.738462,0.712037,0.799,0.663889,0.798,0.921296,0.714423,0.811538,0.847917,0.817,0.761957,0.849074,0.688,0.656,0.621296,0.447115,0.549038,0.435185,0.3875,0.303704,0.360185,0.190517,0.1
34.16165999,-118.06805,5,0.110714,0.104,0.037037,0.008,0,0,0,0.016,0,0.072,0,0,0.007407,0.144,0.388889,1.328,1.744444,1.54,1.3,1.344,1.5,1.6,2.011111,1.957692,1.964286,2.05,1.851852,2.164,2.166667,2.34,2.381481,2.257692,2.526923,2.125,2.004,1.93913,1.903704,1.616,1.196,1.166667,1.023077,0.792308,0.633333,0.376923,0.362963,0.225926,0.203448,0.065385
34.11327998,-118.17637,6,0.154464,0.137,0.108333,0.101,0.144231,0.112,0.180357,0.155,0.133333,0.126,0.153704,0.178,0.136111,0.186,0.17963,0.377,0.673148,0.865,0.872222,0.987,0.939815,0.997115,0.930556,0.968269,0.89375,0.897115,0.97037,0.974,0.997222,1.087,0.952778,0.949038,0.833654,0.944792,0.945,1.177174,1.155556,1.023,0.954,0.957407,0.9,0.927885,0.97037,0.968269,1.010185,0.905556,0.493966,0.155769
34.11596001,-118.16044,7,0.255357,0.18,0.164815,0.114,0.151923,0.232,0.135714,0.092,0.153704,0.1,0.15,0.176,0.157407,0.274,0.866667,0.92,1.216667,1.612,1.368519,1.366,0.944444,1.607692,1.540741,1.926923,1.603571,1.823077,2.118519,2.008,1.833333,1.796,1.944444,2.448077,2.161538,2.425,2.232,2.513043,2.2,2.046,1.634,1.481481,1.267308,1.167308,0.914815,1.017308,0.737037,0.759259,0.472414,0.384615
34.14586002,-118.14144,8,0.575,0.56,0.546296,0.45,0.332692,0.262,0.166071,0.144,0.116667,0.13,0.131481,0.17,0.138889,0.53,0.864815,1.348,1.685185,1.45,1.751852,2.164,2.809259,2.815385,3.103704,3.503846,3.639286,3.419231,3.872222,3.296,3.755556,3.684,3.681481,3.494231,3.663462,3.483333,3.296,3.384783,3.788889,3.414,3.67,3.442593,3.330769,2.628846,2.172222,2.590385,2.3,1.575926,1.103448,1.073077
34.14074999,-118.15364,9,0.255357,0.276,0.082407,0.13,0.200962,0.115,0.070536,0.11,0.100926,0.131,0.12037,0.175,0.609259,0.565,1.175926,1.681,2.187037,1.98,1.758333,1.941,1.960185,2.201923,2.221296,2.282692,2.247321,2.766346,2.486111,2.569,2.558333,3.198,3.064815,3.046154,3.194231,3.044792,3.095,3.178261,2.85,2.437,2.3,1.843519,1.791346,1.350962,1.246296,1.25,0.848148,0.747222,0.700862,0.473077
34.11895998,-118.16268,10,0.560714,0.704,0.27037,0.036,0.176923,0.068,0.217857,0.04,0.044444,0.044,0.096296,0.08,0.244444,0.824,1.088889,2.144,2.511111,2.472,3.351852,3.176,3.025926,3.057692,2.274074,3.084615,2.728571,2.103846,2.318519,2.776,3.285185,3.796,3.737037,3.407692,4.388462,4.191667,4.672,3.808696,3.188889,1.94,2.356,1.674074,1.819231,2.011538,1.211111,1.219231,0.788889,0.714815,0.758621,0.45
34.11911001,-118.15879,11,0.3,0.272,0.303704,0.256,0.3,0.264,0.267857,0.264,0.266667,0.264,0.266667,0.248,0.411111,0.348,0.333333,0.428,1.003704,0.964,1.111111,1.352,1.351852,1.415385,1.485185,1.8,1.785714,1.665385,1.477778,1.664,1.9,1.044,1.648148,1.765385,1.834615,2.325,1.732,2.334783,2.177778,1.536,1.888,1.440741,1.369231,1.511538,1.311111,0.988462,0.888889,0.914815,0.562069,0.35
34.11228002,-118.15039,12,0.453571,0.216,0.22037,0.104,0.294231,0.1,0.085714,0.114,0.155556,0.134,0.205556,0.564,0.633333,1.15,1.398148,2.484,2.45,2.53,2.305556,2.528,2.594444,2.619231,2.837037,3.042308,2.923214,3.719231,3.314815,3.506,3.690741,3.368,3.472222,3.801923,3.753846,3.85625,3.98,4.036957,3.401852,3.008,2.458,1.868519,1.630769,1.694231,1.077778,1.1,1.014815,0.825926,0.703448,0.7
34.14448002,-118.15047,13,0.228571,0.34,0.203704,0.18,0.207692,0.24,0.332143,0.284,0.244444,0.32,0.262963,0.284,0.155556,0.108,0.077778,0.12,0.296296,0.324,0.444444,0.88,0.592593,0.976923,1.448148,1.326923,1.396429,1.676923,1.762963,1.552,1.866667,1.964,1.955556,1.480769,1.938462,1.304167,1.86,1.43913,2.022222,1.512,1.936,1.151852,0.646154,1.238462,1.033333,0.930769,0.851852,0.862963,0.648276,0.384615
34.15201996,-118.14256,14,0.4125,0.432,0.522222,0.374,0.426923,0.532,0.783929,0.784,0.537037,0.46,0.298148,0.24,0.338889,0.43,0.796296,1.22,1.685185,1.728,1.690741,2.18,2.253704,2.026923,2.105556,2.163462,2.428571,2.496154,2.696296,3.038,3.746296,3.88,4.009259,3.85,3.973077,3.754167,3.728,3.765217,4.161111,2.894,2.294,0.887037,0.628846,0.517308,0.451852,0.261538,0.305556,0.177778,0.355172,0.388462
34.14708001,-118.15962,15,0.194048,0.294667,0.154321,0.268,0.180769,0.057333,0.090476,0.081333,0.079012,0.098667,0.155556,0.190667,0.146914,0.352,0.31358,0.297333,0.422222,0.569333,0.308642,0.385333,0.404938,0.45641,0.445679,0.458974,0.422619,0.476923,0.422222,0.662667,0.676543,0.589333,0.624691,0.848718,0.95,0.601389,0.86,0.818841,0.71358,0.648,0.461333,0.367901,0.516667,0.346154,0.401235,0.270513,0.396296,0.27037,0.413793,0.284615
34.15193003,-118.15023,16,0.010714,0,0.037037,0,0,0.016,0.046429,0.008,0.003704,0.02,0.044444,0.016,0,0.18,0,0.068,0,0,0,0,0,0,0,0.011538,0,0,0.007407,0,0,0.02,0,0,0,0.004167,0.008,0,0.003704,0,0.012,0,0,0.003846,0,0.026923,0,0,0,0.003846
34.14339004,-118.16928,17,0.307143,0.236,0.185185,0.22,0.061538,0.066,0.039286,0.026,0.040741,0.198,0.068519,0.226,0.166667,0.144,0.218519,0.286,0.274074,0.54,0.542593,0.552,0.761111,0.640385,0.605556,0.476923,0.551786,0.486538,0.774074,0.692,0.714815,0.56,0.546296,0.692308,0.546154,0.408333,0.57,0.530435,0.461111,0.63,0.5,0.548148,0.369231,0.490385,0.5,0.538462,0.403704,0.407407,0.412069,0.232692
34.14646,-118.16188,18,0.432143,0.264,0.348148,0.14,0.338462,0.244,0.264286,0.136,0.155556,0.148,0.081481,0.24,0.322222,0.544,0.466667,0.78,0.985185,1.096,0.822222,0.948,0.896296,1.176923,1.025926,1.1,1.135714,1.384615,1.048148,1.124,1.359259,1.508,1.477778,1.561538,1.492308,1.270833,1.596,1.482609,1.855556,1.608,1.624,1.262963,1.080769,0.888462,0.759259,0.542308,0.862963,0.566667,0.593103,0.480769
34.14131996,-118.17979,19,0.178641,0.084615,0.064646,0.045055,0.087368,0.024176,0.032692,0.030435,0.053465,0.054255,0.044118,0.13871,0.280198,0.293548,0.421782,0.642553,0.661765,0.507527,0.546,0.620652,0.593,0.527368,0.711111,0.663441,0.891089,0.7,0.766667,0.553846,0.660606,0.830337,0.804124,0.73913,0.787097,0.702353,0.741758,0.725301,0.719388,0.828889,0.765556,0.545361,0.555319,0.315054,0.384694,0.31383,0.335714,0.25,0.212381,0.235106
34.15571001,-118.1548,20,0.092857,0.082,0.092593,0.034,0.026923,0.024,0.026786,0.008,0.02963,0.052,0.033333,0.114,0.216667,0.512,0.67037,1.648,1.8,1.742,1.783333,1.348,1.459259,1.665385,1.483333,1.742308,1.535714,1.763462,1.77963,1.694,1.881481,2.108,2.377778,2.363462,2.334615,1.939583,2.284,2.276087,2.144444,1.498,1.352,0.825926,0.796154,0.765385,0.698148,0.519231,0.496296,0.401852,0.294828,0.163462
34.14735996,-118.16134,21,0.124528,0.148227,0.159477,0.073759,0.082993,0.03617,0.055625,0.070423,0.069032,0.067361,0.08141,0.114685,0.187097,0.31049,0.463871,0.8625,0.982692,0.937063,0.999351,1.075352,1.298052,1.07619,1.005229,1.22069,1.107006,0.999306,0.978431,1.046809,1.091503,1.146043,1.082119,1.060417,1.097241,0.900752,0.961702,1.024806,1.057237,1.064286,0.935714,0.799338,0.786986,0.785517,0.831579,0.879452,0.728289,0.675658,0.307975,0.20411
34.14728,-118.07332,22,0.064286,0.036,0.074074,0.024,0.034615,0,0.028571,0,0.014815,0.128,0.007407,0.08,0.177778,0.116,0.437037,0.2,0.548148,0.36,0.448148,0.6,0.596296,0.969231,0.740741,0.938462,1.25,0.996154,1.162963,1.608,1.374074,1.78,1.681481,1.8,1.703846,1.466667,1.592,1.904348,1.637037,1.368,1.404,1.014815,0.707692,0.542308,0.418519,0.434615,0.414815,0.32963,0.117241,0.173077
34.14731001,-118.07958,23,0.107143,0.052,0.151852,0.096,0.057692,0.168,0.275,0.028,0.114815,0.02,0.018519,0.06,0.077778,0.224,0.137037,0.168,0.174074,0.372,0.411111,0.6,0.7,0.557692,0.581481,0.426923,0.739286,1.5,0.611111,0.904,0.933333,1.18,0.837037,1.873077,1.188462,1.075,1.26,1.404348,0.774074,0.644,0.632,0.511111,0.453846,0.384615,0.266667,0.388462,0.218519,0.144444,0.131034,0.103846
34.14622002,-118.08161,24,0.301786,0.164,0.19321,0.15,0.124359,0.181333,0.11369,0.077333,0.087037,0.134667,0.092593,0.216,0.339506,0.545333,0.640741,1.156667,1.380864,1.406,1.156173,1.031333,1.192593,1.263462,1.198148,1.329487,1.385714,1.214744,1.249383,1.369333,1.604321,1.569333,1.497531,1.657692,1.688462,1.586111,1.716667,1.980435,1.933333,1.58,1.369333,1.107407,1.233974,0.982051,0.890123,0.83141,0.746296,0.544444,0.433333,0.328846
34.13585999,-118.08074,25,0.032143,0.126,0.02963,0.042,0.053846,0.048,0.021429,0.026,0.024074,0.078,0.035185,0.046,0.112963,0.196,0.42963,0.94,1.05,1.398,1.07963,1,0.994444,1.411538,1.02963,1.186538,0.914286,1.096154,1.257407,0.876,1.266667,1.448,1.398148,1.736538,1.534615,1.352083,1.308,1.445652,1.740741,1.354,1.326,1.366667,1.409615,0.911538,0.907407,0.828846,0.585185,0.296296,0.236207,0.067308
34.15125998,-118.14599,26,0.510714,0.36,0.833333,0.608,0.215385,0.292,0.175,0.076,0.174074,0.28,0.166667,0.528,0.72963,0.18,0.418519,0.796,1.062963,1.312,0.611111,0.94,0.92963,0.788462,1.459259,1.25,0.960714,1.080769,1.222222,1.004,2.255556,2.016,2.611111,1.838462,2.742308,1.695833,2.272,2.273913,2.007407,1.516,1.728,0.614815,0.607692,0.807692,0.507407,0.611538,0.714815,0.703704,0.57931,0.576923
34.14061999,-118.15043,27,0.322857,0.2664,0.17037,0.1552,0.194615,0.1392,0.164286,0.1776,0.214815,0.1856,0.21037,0.2936,0.319259,0.668,0.907407,1.4312,1.905926,1.9528,2.080741,1.9392,2.28,2.31,2.33037,2.422308,2.604286,2.678462,2.743704,2.6824,2.771111,2.76,3.365926,2.996923,2.807692,2.7175,2.9872,2.716522,2.545926,2.1808,2.0392,1.805185,1.563846,1.184615,1.094815,0.921538,0.828148,0.605926,0.566897,0.438462
34.14061999,-118.15043,28,0.307143,0.21,0.208333,0.1,0.085577,0.103,0.065179,0.055,0.035185,0.144,0.098148,0.226,0.369444,0.339,0.537963,1.065,1.324074,1.479,1.542593,1.515,2.203704,2.128846,2.173148,2.257692,2.217857,2.586538,2.55463,2.359,2.309259,2.595,2.551852,2.570192,2.165385,2.503125,2.568,2.361957,2.477778,2.186,2.258,1.830556,1.848077,1.728846,1.328704,1.268269,1.25,1.051852,0.661207,0.468269
34.14173,-118.17556,29,0.166071,0.19,0.207407,0.218,0.251923,0.274,0.371429,0.254,0.187037,0.12,0.198148,0.14,0.087037,0.098,0.118519,0.388,0.764815,0.584,0.403704,0.366,0.331481,0.290385,0.25,0.292308,0.298214,0.659615,0.614815,0.578,0.725926,0.878,1.02037,1.190385,0.953846,1.277083,1.504,1.317391,0.92037,0.71,0.38,0.142593,0.157692,0.119231,0.124074,0.107692,0.068519,0.153704,0.103448,0.159615
34.14195003,-118.18215,30,0,0,0,0,0,0,0.003571,0,0,0,0,0,0,0,0,0,0,0.012,0,0,0,0,0,0,0,0,0,0,0,0,0,0,0,0,0,0,0,0,0,0,0,0,0.007407,0.011538,0,0,0.017241,0
34.14452001,-118.1681,31,0.110714,0.194,0.335185,0.182,0.332692,0.35,0.508929,0.326,0.188889,0.228,0.124074,0.204,0.140741,0.112,0.225926,1.028,1.164815,0.914,0.325926,0.49,0.451852,0.384615,0.357407,0.773077,0.528571,0.598077,0.468519,0.636,0.794444,1.286,1.474074,1.451923,1.305769,1.133333,1.764,1.534783,1.725926,0.944,0.608,0.394444,0.296154,0.225,0.216667,0.244231,0.364815,0.355556,0.12931,0.192308
34.12404,-118.15799,32,0.306696,0.4405,0.232407,0.237,0.235096,0.118,0.178571,0.169,0.1375,0.126,0.247222,0.287,0.359259,0.694,0.743981,1.1365,1.246759,1.1275,1.115278,1.0035,1.087037,0.995673,1.077778,1.023077,1.142857,1.324038,1.359346,1.262121,1.374299,1.553,2.04213,1.968269,1.708173,1.841667,1.9375,1.969565,1.826389,1.58,1.2915,0.860185,0.729808,0.575962,0.606944,0.621154,0.555556,0.468056,0.355172,0.298558
34.12752997,-118.15031,33,0.201786,0.132,0.137037,0.136,0.123077,0.138,0.064286,0.102,0.062963,0.098,0.198148,0.384,0.164815,0.662,0.55,1.016,1.25,1.33,1.294444,1.618,1.596296,1.65,1.751852,1.626923,1.735714,1.823077,1.87963,1.924,1.972222,1.908,2.068519,2.082692,2.007692,1.875,1.706,1.467391,1.725926,1.666,1.522,0.888889,0.778846,0.688462,0.485185,0.576923,0.427778,0.47037,0.42931,0.475
34.15096996,-118.0985,34,0.522321,0.538,0.314815,0.204,0.201923,0.305,0.224107,0.25,0.156481,0.169,0.294444,0.288,0.515741,0.65,0.955556,1.368,1.738889,1.642,1.77963,1.389,1.563889,1.624038,1.563889,1.8625,1.689286,1.723077,1.965741,2.018,1.868519,1.957,1.926852,2.255769,2.1125,1.903125,2.017,1.943478,1.959259,1.863,1.558,1.564815,1.665385,1.896154,1.613889,1.684615,1.159259,1.401852,0.830172,0.625962
34.15076997,-118.09857,35,0.255357,0.38,0.174074,0.232,0.138462,0.082,0.078571,0.056,0.074074,0.292,0.075926,0.212,0.251852,0.28,0.592593,0.798,0.740741,1.092,1.140741,1.392,1.411111,1.382692,1.648148,1.488462,1.978571,1.730769,1.655556,1.504,1.72037,1.514,1.383333,1.763462,1.919231,1.575,1.384,1.51087,1.453704,1.63,1.67,0.85,1.057692,0.953846,1.264815,0.959615,0.67037,0.696296,0.424138,0.319231
34.12167999,-118.10631,36,0.305357,0.256,0.17037,0.2,0.065385,0.24,0.107143,0.064,0.07963,0.078,0.17963,0.406,0.477778,0.422,0.844444,1.506,2.177778,1.812,1.724074,1.724,1.901852,1.567308,1.990741,1.778846,1.941071,2.151923,2.166667,2.208,2.07963,1.888,2.501852,2.517308,2.386538,2.16875,2.556,2.121739,2.12963,1.948,1.418,1.109259,0.903846,0.957692,0.87037,0.548077,0.637037,0.403704,0.327586,0.228846
34.14524001,-118.14752,37,0.290179,0.276,0.275926,0.24,0.206731,0.161,0.117857,0.076,0.128704,0.196,0.167593,0.221,0.418519,0.442,0.826852,1.222,1.667593,1.737,1.962037,1.838,2.30463,2.240385,2.549074,2.363462,2.711607,2.825962,2.714815,2.816,2.815741,2.819,3.127778,2.8875,3.130769,2.894792,3.138,3.004348,3.060185,2.698,2.812,2.421296,2.0375,1.707692,1.628704,1.544231,1.487963,1.088889,0.601724,0.704808
34.13027999,-118.0733,38,0.492857,0.306,0.251852,0.196,0.123077,0.108,0.101786,0.088,0.151852,0.088,0.216667,0.462,0.444444,0.76,0.82037,2.102,2.187037,2.17,1.825926,1.472,1.957407,1.921154,2.027778,1.978846,2.185714,2.338462,2.138889,2.208,2.32963,2.51,2.737037,2.836538,2.563462,2.654167,2.808,3.345652,2.662963,2.298,1.958,1.67037,1.680769,1.098077,1.433333,1.328846,1.142593,0.890741,0.577586,0.475
34.17843997,-118.13182,39,0.1125,0.066,0.124074,0.034,0.059615,0.044,0.051786,0.052,0.05,0.098,0.07963,0.054,0.155556,0.216,0.485185,1.016,1.566667,1.312,1.053704,1.22,1.296296,1.305769,1.194444,1.328846,1.405357,1.436538,1.490741,1.606,1.596296,1.594,1.666667,1.569231,1.553846,1.391667,1.352,1.330435,1.333333,0.978,1.064,0.766667,0.857692,0.536538,0.474074,0.330769,0.366667,0.15,0.144828,0.071154
34.14688001,-118.06959,40,0.035714,0.024,0.014815,0.008,0.157692,0.036,0.021429,0.024,0.022222,0.028,0.014815,0.012,0.025926,0.06,0.211111,0.2,0.174074,0.072,0.114815,0.188,0.185185,0.215385,0.455556,0.361538,0.4,0.326923,0.477778,0.316,0.474074,0.292,0.266667,0.6,0.446154,0.6,0.416,0.5,0.296296,0.604,0.604,0.811111,0.311538,0.519231,0.644444,0.273077,0.707407,0.362963,0.12069,0.223077
34.14607996,-118.10176,41,0.183163,0.17,0.157143,0.139714,0.098352,0.098286,0.085459,0.089429,0.086508,0.084,0.088624,0.184286,0.233069,0.493143,0.815873,1.222571,1.385185,1.499429,1.350794,1.312286,1.437566,1.346154,1.365344,1.551648,1.497959,1.617033,1.553175,1.590286,1.776984,1.745429,1.810317,1.879396,1.905769,1.835714,2.024571,1.887578,1.92328,1.512,1.35,1.139947,0.97033,0.884615,0.913228,0.762088,0.7,0.507937,0.431034,0.289286
34.15125998,-118.14599,42,0.303571,0.216,0.222222,0.298,0.1,0.1,0.071429,0.046,0.112963,0.26,0.207407,0.316,0.62037,0.488,0.953704,1.25,1.431481,1.516,1.157407,1.496,1.394444,1.109615,1.503704,1.648077,1.594643,1.519231,1.625926,1.654,1.646296,1.518,1.772222,1.457692,1.623077,1.477083,1.418,1.606522,1.590741,1.448,1.554,1.264815,1.215385,1.121154,1.02037,0.821154,1.164815,0.611111,0.641379,0.534615
34.13584004,-118.14133,43,0.291071,0.274,0.269577,0.216571,0.161813,0.162286,0.117347,0.121429,0.127778,0.246,0.175132,0.300571,0.319048,0.493143,0.895238,1.313714,1.484921,1.404,1.402381,1.646286,1.786508,1.68956,1.812169,2.006044,1.935714,2.186813,2.107672,2.115429,2.07963,2.120286,2.209524,2.118132,2.116209,1.995238,2.053429,2.072981,2.069312,1.807714,1.615714,1.446296,1.407967,1.156319,1.190476,0.964286,0.883333,0.676984,0.562315,0.44478
34.13152998,-118.13224,44,0.21369,0.143333,0.116667,0.126,0.078846,0.13,0.084524,0.106667,0.085802,0.077333,0.088889,0.2,0.210494,0.419333,0.669136,1.055333,1.441358,1.696,1.632716,1.776,1.969136,1.746795,1.961111,2.15,2.213095,2.216667,2.349383,2.358,2.261728,2.159333,2.204938,2.430128,2.389103,2.194444,2.438,2.327536,2.340123,2.098667,1.917333,1.747531,1.542949,1.151923,1.068519,0.802564,0.703086,0.565432,0.4,0.216026
34.14948,-118.07057,45,0.189286,0.128,0.181481,0.144,0.119231,0.124,0.15,0.16,0.148148,0.184,0.322222,0.16,0.92963,1.296,2.740741,3.68,3.544444,3.008,2.8,2.616,2.285185,1.661538,1.866667,1.623077,1.442857,0.888462,1.4,0.94,1.466667,1.58,1.844444,1.980769,1.265385,2.766667,1.36,1.473913,1.533333,1.048,1.02,0.533333,0.634615,0.776923,0.592593,0.380769,0.340741,0.307407,0.2,0.126923
34.14955996,-118.11318,46,0.187857,0.216,0.122963,0.076,0.090769,0.1208,0.081429,0.0736,0.093333,0.12,0.18,0.1344,0.254074,0.3976,0.514074,0.816,1.142222,1.1728,1.180741,1.3416,1.26,1.421538,1.38963,1.411538,1.488571,1.503846,1.512593,1.56,1.501481,1.6416,1.722963,1.692308,1.656154,1.55,1.656,1.625217,1.562963,1.4888,1.2856,1.296296,1.068462,0.853077,0.845926,0.582308,0.506667,0.459259,0.343448,0.213077
34.11304001,-118.13667,47,0.121429,0.168,0.116667,0.072,0.082692,0.062,0.075,0.116,0.096296,0.082,0.074074,0.11,0.07963,0.166,0.442593,1.498,1.638889,1.594,1.374074,1.064,1.174074,1.121154,1.022222,1.298077,1.45,1.536538,1.492593,1.538,1.411111,1.912,2.083333,2.421154,2.288462,1.9625,2.254,2.308696,1.733333,1.52,1.202,0.905556,0.771154,0.765385,0.62037,0.634615,0.531481,0.398148,0.213793,0.219231
34.15234996,-118.15148,48,0.032143,0.012,0.014815,0,0,0,0,0,0.022222,0.02,0,0.072,0.040741,0.1,0,0,0.144444,0.032,0.003704,0.032,0.025926,0.011538,0.144444,0.023077,0.025,0.019231,0.107407,0.008,0.17037,0.048,0.177778,0.084615,0,0.004167,0.004,0.026087,0.033333,0.064,0.012,0.162963,0.061538,0.053846,0.011111,0.053846,0.022222,0,0.017241,0.030769
34.15247996,-118.146,49,0.319643,0.306,0.105556,0.252,0.155769,0.068,0.088393,0.075,0.110185,0.123,0.148148,0.325,0.319444,0.444,0.544444,1.063,1.275,1.435,0.989815,0.998,1.285185,1.180769,1.37963,1.059615,1.230357,1.110577,0.946296,1.198,1.162037,1.094,1.175926,1.430769,1.6125,1.457292,1.53,1.480435,1.315741,1.253,1.43,1.006481,0.876923,0.884615,0.807407,0.740385,0.782407,0.67037,0.469828,0.299038
34.16914,-118.11302,50,0.199405,0.191333,0.190123,0.119333,0.113462,0.093333,0.095833,0.077333,0.064198,0.098667,0.093827,0.120667,0.168519,0.391333,0.628395,0.989333,1.538889,1.138667,1.180247,1.023333,1.064198,0.99359,1.10679,1.133974,1.092262,1.153846,1.248765,1.236667,1.262346,1.452,1.55,1.673077,1.742949,1.247917,1.457333,1.354348,1.361728,1.23,0.870667,0.76358,1.039103,0.972436,0.876543,0.742949,0.639506,0.572222,0.396552,0.276282
34.16913003,-118.0983,51,0.123214,0.056,0.072222,0.056,0.061538,0.05,0.085714,0.052,0.059259,0.076,0.053704,0.052,0.083333,0.202,0.588889,0.978,1.238889,1.17,1.27963,1.198,1.227778,1.226923,1.1,1.188462,0.8875,0.884615,0.964815,1.076,0.97037,1.056,1.07037,1.140385,1.305769,1.066667,1.258,0.993478,1.42963,1.168,1.064,1.035185,0.923077,0.834615,0.848148,0.873077,0.825926,0.740741,0.482759,0.188462
34.16176996,-118.08121,52,0.4625,0.268,0.22037,0.12,0.05,0.102,0.048214,0.04,0.081481,0.176,0.312963,0.206,0.561111,1.294,1.722222,1.586,1.937037,2.032,2.364815,2.176,1.924074,2.059615,2.227778,2.230769,2.360714,2.259615,2.255556,2.28,2.311111,2.628,2.442593,2.444231,2.457692,2.375,2.338,2.417391,2.533333,2.338,2.024,2.040741,1.403846,1.503846,1.655556,1.336538,1.105556,1.185185,0.975862,0.596154
34.14957002,-118.11071,53,0.433929,0.406,0.177778,0.084,0.142308,0.216,0.116071,0.09,0.053704,0.062,0.12963,0.116,0.187037,0.17,0.825926,0.934,1.048148,1.124,1.366667,1.164,1.125926,1.434615,1.218519,1.509615,1.680357,1.315385,1.431481,1.268,1.577778,1.546,1.416667,1.169231,1.473077,1.391667,1.484,1.293478,1.462963,1.332,1.286,1.285185,1.259615,1.344231,1.037037,1.153846,0.918519,0.918519,0.82931,0.380769
34.17804996,-118.1216,54,0.111905,0.146667,0.12963,0.096333,0.075641,0.08,0.080357,0.073333,0.062963,0.083,0.092284,0.130667,0.193827,0.405,0.663272,1.011333,1.646296,1.314333,1.088272,1.068333,1.233333,1.203205,1.25679,1.314744,1.325893,1.326923,1.336111,1.474667,1.360185,1.583,1.643519,1.736218,1.707051,1.526736,1.485667,1.568841,1.467901,1.299667,1.124667,0.945062,0.949038,0.881731,0.715432,0.716026,0.633951,0.47716,0.364943,0.259615
34.16893004,-118.14164,55,0.078571,0.06,0.07037,0.064,0.065385,0.044,0.057143,0.056,0.066667,0.064,0.137037,0.072,0.085185,0.108,0.348148,0.316,0.640741,0.54,0.57037,0.416,0.614815,0.561538,0.851852,0.657692,0.782143,0.461538,0.551852,0.772,0.425926,0.588,0.618519,0.8,0.684615,0.533333,0.98,0.569565,1.251852,0.928,0.536,0.733333,0.526923,0.8,0.403704,0.569231,0.414815,0.481481,0.306897,0.192308
34.14574997,-118.15416,56,0.264286,0.262,0.127778,0.1175,0.134615,0.1815,0.096875,0.0965,0.105093,0.099,0.096759,0.1605,0.174074,0.3415,0.697222,0.9725,1.224074,1.1895,1.260648,1.3755,1.617593,1.669231,1.775463,1.839423,1.958036,2.177885,2.3125,2.508,2.373611,2.3595,2.3875,2.467788,2.407212,2.405208,2.719,2.632065,2.675,2.2885,1.966,1.701389,1.585577,1.294231,1.316204,1.24375,0.953704,0.805093,0.587069,0.415385
34.12401997,-118.15097,57,0.260714,0.186,0.12963,0.128,0.146154,0.12,0.15,0.202,0.183333,0.282,0.146296,0.316,0.442593,0.422,0.603704,0.912,0.77037,0.698,1.109259,1.054,1.02037,0.95,0.859259,1.042308,1.160714,0.917308,1.209259,0.968,0.97963,1.198,1.225926,1.363462,1.282692,1.120833,1.102,1.141304,1.211111,1.118,1.224,1.005556,0.798077,0.707692,1.094444,1.128846,1.087037,0.740741,0.451724,0.355769
34.11905,-118.14535,58,0.102381,0.216,0.106173,0.112,0.1,0.073333,0.069048,0.074667,0.076543,0.12,0.108642,0.133333,0.169136,0.170667,0.397531,0.685333,0.928395,0.637333,0.685185,0.581333,0.832099,0.846154,0.632099,0.653846,0.864286,0.741026,0.714815,0.489333,0.638272,1.002667,0.617284,0.864103,0.883333,1.158333,1.148,1.089855,1.192593,0.94,0.654667,0.564198,0.720513,0.542308,0.654321,0.516667,0.455556,0.444444,0.256322,0.307692
34.13579,-118.15039,59,0.233929,0.24,0.241667,0.179,0.149038,0.146,0.103571,0.15,0.24537,0.14,0.274074,0.285,0.343519,0.647,0.788889,1.528,1.965741,1.911,1.751852,1.988,2.027778,2.305769,2.180556,2.2625,2.404464,2.4875,2.421296,2.631,2.558333,2.702,2.688889,2.845192,2.706731,2.435417,2.567,2.543478,2.583333,2.086,1.858,1.508333,1.180769,1.027885,0.802778,0.867308,0.643519,0.506481,0.384483,0.453846
34.14589003,-118.13234,60,0.1625,0.168,0.153704,0.295,0.156731,0.238,0.183929,0.111,0.136111,0.097,0.110185,0.187,0.148148,0.492,0.974074,1.496,1.75,2.001,1.941667,1.881,2.07037,1.975,2.089815,2.345192,2.401786,2.511538,2.419444,2.937,3.328704,3.441,3.567593,3.806731,3.616346,3.289583,3.527,3.191304,3.412963,2.729,2.058,1.524074,1.2625,1.1375,0.899074,0.816346,0.658333,0.457407,0.309483,0.300962
34.12446999,-118.16555,61,0.128571,0.116,0.074074,0.078,0.094231,0.082,0.075,0.082,0.096296,0.092,0.096296,0.076,0.07963,0.128,0.246296,0.71,1.1,1.014,1.018519,1.07,1.177778,1.192308,1.231481,1.217308,1.142857,0.980769,0.938889,1.102,0.931481,1.206,0.924074,0.888462,1.151923,1.279167,1.06,1.247826,1.201852,0.902,1.048,0.966667,1.019231,1.136538,1.255556,1.123077,1.098148,1.051852,0.513793,0.184615
34.12977003,-118.0794,62,0.190658,0.121615,0.112527,0.086461,0.088584,0.079335,0.069068,0.078147,0.080879,0.067696,0.087253,0.13943,0.174286,0.304524,0.526872,0.908571,1.474229,1.198095,1.000441,1.058473,0.9117,0.925688,1.099779,1.062615,1.148511,1.165596,1.143488,1.159427,1.194248,1.392086,1.400443,1.440092,1.534253,1.484788,1.455981,1.457922,1.552318,1.254524,1.140238,0.941099,0.843151,0.813699,0.813877,0.753318,0.668502,0.498458,0.301434,0.237529
34.14359003,-118.15527,63,0,0,0.125926,0,0,0,0,0.06,0.003704,0,0,0,0.02963,0,0,0.072,0,0,0,0,0,0,0.033333,0,0,0.011538,0.137037,0.144,0.051852,0.016,0.1,0.011538,0.073077,0.008333,0,0,0,0,0,0,0,0,0,0,0,0,0,0.092308
34.17697004,-118.16333,64,0.024405,0.029333,0.02037,0.027333,0.029487,0.018667,0.025595,0.025333,0.033333,0.044,0.033951,0.091333,0.126543,0.085333,0.109877,0.256,0.203704,0.227333,0.177778,0.272,0.258025,0.234615,0.255556,0.274359,0.275595,0.367308,0.309259,0.432,0.455556,0.323333,0.414198,0.548077,0.579487,0.330556,0.400667,0.392754,0.390123,0.318,0.244667,0.224691,0.278846,0.225,0.239506,0.144231,0.103704,0.112963,0.021839,0.051923
34.14072996,-118.15522,65,0.014286,0.03,0.087037,0,0.017308,0,0.0375,0.006,0.005556,0.004,0,0,0.012963,0.02,0.007407,1.088,1.25,0.878,0.285185,0.48,0.390741,0.440385,0.316667,0.257692,0.514286,0.623077,0.701852,0.776,0.809259,1.218,1.714815,1.021154,0.811538,1.252083,0.848,0.569565,0.837037,0.728,0.096,0.035185,0,0,0.005556,0.026923,0.027778,0,0,0.059615
34.14764,-118.16006,66,0.053571,0.032,0.177778,0.176,0.019231,0.016,0.096429,0.012,0.051852,0.104,0.044444,0.112,0.096296,0.02,0.151852,0.1,0.266667,0.32,0.274074,0.48,0.362963,0.030769,0.307407,0.373077,0.260714,0.126923,0.359259,0.1,0.351852,0.388,0.474074,0.203846,0.257692,0.3375,0.488,0.213043,0.514815,0.396,0.248,0.166667,0.165385,0.092308,0.17037,0.103846,0.440741,0.407407,0.124138,0.073077
34.14918998,-118.06771,67,0.129365,0.072444,0.083128,0.092889,0.082479,0.038667,0.046032,0.052889,0.069959,0.069333,0.083539,0.100444,0.230864,0.235111,0.260082,0.38,0.465021,0.479556,0.439095,0.412444,0.4107,0.409829,0.341975,0.350427,0.445238,0.430342,0.497942,0.4,0.507819,0.553333,0.509053,0.434615,0.463675,0.464352,0.512889,0.369565,0.506584,0.413778,0.387556,0.307819,0.286325,0.344444,0.286831,0.194872,0.252675,0.195885,0.177395,0.113248
34.16146,-118.15061,68,0.341071,0.316,0.248148,0.242,0.267308,0.12,0.066071,0.17,0.216667,0.116,0.181481,0.276,0.52037,0.604,0.866667,1.502,1.557407,1.77,1.5,1.884,2.162963,2.117308,2.222222,2.186538,2.153571,2.173077,2.353704,2.464,2.257407,2.374,2.661111,2.638462,2.584615,2.41875,2.964,2.628261,2.65,2.192,2.004,1.975926,2.188462,1.457692,1.714815,1.790385,1.385185,1.001852,0.57069,0.528846
34.13575999,-118.15412,69,0.183929,0.254,0.305556,0.148,0.130769,0.174,0.128571,0.154,0.127778,0.132,0.146296,0.23,0.348148,0.332,0.77963,0.884,1.42037,1.45,0.977778,1.102,1.146296,0.926923,1.268519,1.303846,1.089286,1.346154,1.435185,1.15,1.187037,1.538,1.738889,1.321154,1.692308,1.514583,1.058,1.256522,1.138889,1.15,1.136,1.146296,0.730769,0.765385,0.524074,0.886538,0.994444,0.857407,0.398276,0.271154
34.14072996,-118.15889,70,0.173214,0.102,0.101852,0.106,0.075,0.048,0.0375,0.156,0.107407,0.072,0.088889,0.216,0.361111,0.17,0.862963,1.41,1.874074,1.526,1.468519,1.328,1.409259,1.848077,1.544444,1.630769,1.573214,1.753846,2.022222,1.928,2.035185,2.37,2.35,2.090385,2.405769,2.0875,2.272,2.367391,2.068519,1.99,1.898,1.5,1.140385,1.088462,0.818519,0.857692,0.785185,0.774074,0.391379,0.411538
34.14636,-118.14598,71,0.25,0.414,0.303704,0.484,0.186538,0.202,0.180357,0.258,0.081481,0.138,0.196296,0.6,0.724074,0.412,0.842593,1.25,1.235185,1.548,1.444444,1.252,1.722222,1.348077,1.555556,1.655769,1.255357,1.501923,1.311111,1.912,1.764815,1.772,1.668519,1.951923,1.944231,1.920833,1.742,2.030435,1.887037,1.424,1.732,1.718519,1.767308,1.205769,1.162963,1.240385,0.916667,1.035185,1.003448,0.453846
34.16897999,-118.13225,72,0.551786,0.444,0.242593,0.231,0.214423,0.28,0.063393,0.099,0.074074,0.174,0.169444,0.28,0.536111,0.881,1.310185,1.826,2.20463,1.98,1.927778,2.223,2.318519,2.440385,2.377778,2.511538,2.71875,2.766346,2.713889,2.768,2.596296,2.696,2.768519,2.569231,2.704808,2.7125,2.815,2.633696,2.552778,2.267,2.114,1.999074,1.679808,1.720192,1.525,1.545192,1.273148,1.013889,0.797414,0.618269
34.15167002,-118.13825,73,0.0125,0.052,0.02963,0,0.013462,0.006,0,0.118,0.022222,0.002,0.003704,0.024,0.016667,0,0.02037,0.034,0.031481,0.106,0,0.094,0.112963,0.053846,0.161111,0.284615,0.178571,0.213462,0.27963,0.194,0.272222,0.412,0.262963,0.221154,0.257692,0.085417,0.204,0.163043,0.122222,0.082,0.156,0.040741,0.15,0.040385,0.05,0.005769,0,0.025926,0.017241,0.048077
34.15207,-118.12723,74,0.239286,0.3,0.007407,0.24,0.096154,0.072,0.014286,0.248,0.22963,0.26,0.425926,0.328,0.314815,0.524,0.477778,0.752,0.388889,1.032,0.425926,0.66,0.596296,0.596154,1.192593,0.761538,0.735714,0.55,1.107407,0.784,0.896296,0.784,1.262963,0.988462,0.953846,0.941667,0.7,0.578261,1.014815,0.928,0.42,0.159259,0.196154,0.203846,0.2,0.176923,0.122222,0.196296,0.103448,0.196154
34.15203002,-118.14345,75,0.119643,0.164,0.2,0.158,0.225,0.454,0.3125,0.362,0.183333,0.076,0.138889,0.198,0.085185,0.082,0.103704,0.264,0.340741,0.296,0.237037,0.342,0.335185,0.325,0.135185,0.182692,0.167857,0.423077,0.490741,0.68,1.109259,1.396,1.77963,1.655769,1.711538,1.33125,1.916,1.65,1.483333,0.846,0.45,0.153704,0.138462,0.119231,0.185185,0.180769,0.22963,0.251852,0.112069,0.101923
34.16221999,-118.1596,76,0.216071,0.1972,0.175185,0.112,0.136538,0.124,0.119286,0.1124,0.110741,0.1736,0.164815,0.2592,0.39037,0.5476,0.842222,1.3048,1.404074,1.4772,1.485185,1.5264,1.723704,1.641923,1.727407,1.746154,1.719286,1.765,1.866296,1.8556,1.977407,1.9372,1.995556,2.156538,2.081538,1.94125,2.0464,2.006522,1.922593,1.8544,1.6992,1.484815,1.305,1.340385,1.23963,1.172692,0.964815,0.746296,0.562759,0.283077
34.14196,-118.11314,77,0.05,0.13,0.02963,0.05,0.003846,0.042,0.0125,0.014,0.022222,0.02,0.062963,0.068,0.190741,0.224,0.342593,0.882,0.961111,1.028,1.161111,1.434,1.37963,1.505769,1.703704,1.511538,1.510714,1.469231,1.905556,1.874,1.809259,1.75,1.748148,1.976923,1.984615,1.70625,1.868,1.776087,1.47963,1.532,1.222,1.107407,0.934615,0.819231,0.631481,0.661538,0.733333,0.496296,0.382759,0.176923
34.15203002,-118.09844,78,0.25,0.306,0.172222,0.162,0.192308,0.186,0.289286,0.282,0.264815,0.216,0.35,0.44,0.92037,1.288,1.083333,1.464,1.472222,1.52,1.466667,1.574,1.340741,1.607692,1.516667,1.415385,1.482143,1.509615,1.614815,1.62,1.562963,1.756,1.888889,1.744231,1.994231,1.5375,1.748,1.345652,1.414815,1.596,1.158,1.211111,1.080769,0.9,1.062963,0.680769,0.590741,0.635185,0.658621,0.361538
34.16149001,-118.0812,79,0.346429,0.096,0.198148,0.24,0.125,0.09,0.167857,0.082,0.142593,0.194,0.122222,0.486,0.461111,1.214,1.033333,1.638,1.514815,1.712,1.816667,2.124,1.983333,1.969231,2.057407,2.025,2.167857,2.121154,2.172222,2.174,2.5,2.116,2.192593,2.492308,2.005769,2.175,2.326,2.395652,2.159259,2.272,1.57,1.603704,1.538462,1.303846,1.47037,1.182692,0.681481,0.9,0.862069,0.505769
34.15305999,-118.09452,80,0.246429,0.272,0.055556,0.208,0.292308,0.076,0.089286,0.092,0.081481,0.268,0.159259,0.152,0.618519,1.104,1.988889,1.804,2,2.704,2.174074,1.788,1.951852,1.753846,2.011111,1.976923,2.471429,2.253846,1.959259,2.08,2.122222,1.976,2.044444,2.419231,2.276923,1.816667,1.932,1.508696,1.807407,1.828,1.676,2.166667,1.261538,1.880769,1.551852,1.211538,1.325926,0.896296,0.493103,0.423077
34.14757999,-118.08296,81,0.007143,0,0,0,0.034615,0,0,0,0,0,0.003704,0,0.018519,0.016,0,0.004,0,0.012,0.207407,0,0.022222,0.023077,0.02963,0.019231,0.032143,0.023077,0.059259,0.06,0.166667,0.092,0.018519,0.25,0.165385,0.0375,0.036,0.295652,0.114815,0.044,0.044,0,0,0.038462,0,0.303846,0,0,0.024138,0
34.15295002,-118.11321,82,0.492857,0.284,0.214815,0.2,0.273077,0.064,0.075,0.1,0.181481,0.18,0.196296,0.116,0.307407,0.816,1.311111,1.792,1.622222,1.864,1.588889,1.72,1.437037,1.788462,1.662963,2.057692,2.175,2.226923,2.47037,2.044,2.181481,1.916,1.988889,2.234615,2.142308,1.995833,2.332,2.421739,2.144444,2.048,1.736,1.907407,1.142308,0.769231,1.014815,0.534615,0.914815,0.525926,0.317241,0.326923
34.15286,-118.1214,83,0.057143,0.128,0.137037,0.02,0.092308,0.172,0.067857,0.028,0.033333,0.156,0.092593,0.06,0.233333,0.076,0.259259,1.16,1.196296,1.016,0.918519,0.652,1.118519,0.984615,1.518519,1.534615,1.328571,1.015385,1.518519,1.508,1.974074,2.14,2.040741,2.107692,1.869231,1.658333,1.768,1.265217,1.255556,0.876,0.476,0.225926,0.057692,0.511538,0.159259,0.284615,0.107407,0.259259,0.113793,0.015385
34.16212996,-118.16005,84,0.278571,0.18,0.146296,0.148,0.194231,0.054,0.076786,0.116,0.131481,0.096,0.161111,0.368,0.427778,0.694,0.861111,1.664,2.092593,1.566,1.505556,1.552,1.868519,1.601923,1.924074,1.975,1.891071,1.817308,1.796296,1.736,1.903704,1.75,1.664815,2.155769,1.669231,1.725,1.588,1.936957,1.696296,1.556,1.612,1.257407,1.215385,1.511538,1.153704,1.171154,0.951852,0.814815,0.617241,0.307692
34.14613998,-118.09459,85,0.333929,0.342,0.32963,0.218,0.107692,0.118,0.169643,0.128,0.105556,0.404,0.32963,0.618,0.575926,1.046,1.368519,1.756,2.053704,2.41,2.318519,2.054,2.255556,2.248077,2.022222,2.288462,1.885714,1.944231,2.288889,2.336,2.45,2.268,2.272222,2.740385,2.769231,2.722917,2.472,2.378261,2.511111,2.186,1.714,1.912963,1.794231,1.919231,2.064815,1.790385,1.611111,1.72037,0.981034,0.509615
34.14961,-118.15486,86,0.248214,0.188,0.151852,0.106,0.134615,0.152,0.173214,0.1,0.144444,0.324,0.305556,0.406,0.655556,0.38,0.487037,0.868,1.02963,1.188,1.044444,0.896,0.824074,1.330769,1.325926,1.340385,1.453571,1.551923,1.462963,1.516,1.972222,2.118,2.142593,1.967308,1.823077,2.004167,2.044,2.021739,2.092593,1.854,1.532,0.792593,1.286538,1.530769,1.259259,1.001923,0.983333,0.738889,0.441379,0.278846
34.15026002,-118.08818,87,0.039286,0.008,0,0,0,0,0,0,0.037037,0.016,0.07037,0.136,0.133333,0.388,0.4,0.688,0.444444,0.668,0.788889,0.576,0.796296,0.907692,0.881481,0.719231,0.903571,1.076923,0.703704,0.872,0.8,0.504,0.844444,0.811538,0.5,0.7375,0.712,0.895652,0.588889,0.516,0.752,0.696296,0.442308,0.553846,0.207407,0.407692,0.266667,0.166667,0.189655,0.1
34.14799003,-118.09457,88,0.114286,0.092,0.055556,0.036,0.042308,0.056,0.035714,0.052,0.044444,0.088,0.059259,0.076,0.240741,0.384,0.388889,0.724,1.240741,1.204,0.766667,1.132,1.137037,1.188462,1.151852,1.292308,0.8,1.107692,1.248148,0.964,0.896296,0.788,1.037037,1.161538,0.807692,0.945833,0.768,0.46087,0.674074,0.5,0.836,0.688889,0.530769,0.576923,0.588889,0.380769,0.307407,0.281481,0.134483,0.115385
34.13575999,-118.15412,89,1.078571,0.8,0.759259,0.768,0.646154,0.544,0.835714,0.756,0.374074,0.544,0.792593,0.68,0.944444,1.292,1.451852,1.448,1.796296,1.54,1.614815,1.484,1.488889,1.646154,1.5,1.496154,1.582143,1.815385,1.7,1.72,1.762963,2.076,2.203704,1.934615,1.684615,1.825,1.712,1.534783,1.833333,1.776,1.712,1.507407,1.276923,1.311538,1.481481,1.288462,1.418519,1,1.089655,0.961538
34.17504002,-118.15965,90,0.342857,0.112,0.081481,0.104,0.130769,0.124,0.085714,0.176,0.303704,0.148,0.081481,0.164,0.114815,0.412,0.418519,0.664,1.007407,0.892,0.803704,1.072,1.025926,0.915385,0.92963,1.315385,1.007143,1.326923,1.188889,1.14,1.085185,1.196,1.025926,1.15,1.357692,1.158333,1.08,1.295652,1.540741,0.832,0.816,1.162963,1.019231,0.815385,0.848148,0.584615,0.751852,0.677778,0.444828,0.146154
34.14070004,-118.18007,91,0.230357,0.152,0.083333,0.086,0.111538,0.122,0.123214,0.082,0.081481,0.08,0.12963,0.168,0.135185,0.198,0.331481,0.952,0.774074,0.844,0.833333,0.994,1.053704,1.076923,1.016667,1.109615,1.005357,1.107692,1.142593,0.966,1.092593,1.08,1.148148,1.203846,1.203846,1.177083,0.998,1.371739,1.296296,1.062,0.96,1.222222,0.773077,0.819231,0.831481,0.65,0.544444,0.483333,0.360345,0.294231
34.14586002,-118.14144,92,0.166071,0.169333,0.17037,0.124,0.15641,0.197333,0.18631,0.127333,0.198765,0.122,0.14321,0.167333,0.18642,0.462,0.651235,1.286,1.73642,1.554,1.435185,1.606667,1.866667,1.837179,1.967901,2.085897,2.207143,2.148077,2.272222,2.612667,2.705556,2.937333,3.080864,2.958974,3.069231,2.706944,2.997333,2.65,2.862963,2.304,1.971333,1.282099,1.082051,0.920513,0.860494,0.625641,0.509877,0.480864,0.279885,0.247436
34.15316996,-118.16834,93,0.142857,0.104,0.101852,0.096,0.057692,0.118,0.098214,0.116,0.07037,0.07,0.118519,0.174,0.138889,0.372,0.648148,0.546,0.518519,0.558,0.466667,0.854,0.848148,0.782692,0.572222,0.546154,0.4375,0.398077,0.375926,0.466,0.531481,0.36,0.366667,0.519231,0.309615,0.308333,0.368,0.415217,0.42963,0.496,0.458,0.346296,0.282692,0.253846,0.322222,0.236538,0.174074,0.207407,0.144828,0.163462
34.15623003,-118.16746,94,0.190774,0.193667,0.207099,0.151667,0.158333,0.173333,0.193452,0.199,0.16358,0.176,0.197222,0.223,0.358333,0.469,0.560185,0.854,1.034259,0.922,1.014506,1.020667,1.154938,1.052564,1.087346,1.058333,1.030952,1.045833,1.008025,1.079667,1.000309,1.191,1.130556,1.006731,1.165064,1.046875,0.985667,0.977899,0.940741,0.925333,0.876,0.842593,0.825641,0.7625,0.849691,0.732692,0.672531,0.624074,0.372414,0.2125
34.12683,-118.09101,95,0.139286,0.144,0.122222,0.06,0.038462,0.044,0.064286,0.088,0.022222,0.048,0.018519,0.084,0.177778,0.128,0.422222,0.964,1.262963,1.236,1.107407,0.752,1.040741,1.2,1.114815,1.269231,1.071429,1.380769,1.251852,1.316,1.403704,1.456,1.511111,1.438462,1.55,1.429167,1.676,1.56087,1.533333,1.06,1.004,0.67037,0.746154,0.542308,0.544444,0.288462,0.240741,0.133333,0.110345,0.126923
34.12299,-118.07303,96,0.171429,0.344,0.307407,0.144,0.146154,0.144,0.114286,0.068,0.033333,0.1,0.074074,0.404,0.118519,0.244,0.485185,0.984,1.42963,1.596,1.340741,1.056,1.248148,1.407692,1.6,1.365385,1.682143,1.384615,1.618519,1.616,1.533333,2.036,2.040741,2.076923,1.9,1.891667,2.052,2.204348,2.014815,1.616,1.34,1.151852,1.123077,0.75,1.003704,0.819231,0.807407,0.440741,0.365517,0.242308
34.12381997,-118.10043,97,0.019643,0.004,0.016667,0.006,0.019231,0,0,0,0,0,0,0,0.024074,0.006,0.053704,0.13,0.761111,0.626,0.238889,0.34,0.307407,0.248077,0.383333,0.436538,0.607143,0.623077,0.507407,0.792,0.566667,0.688,1.081481,1.442308,1.526923,1.352083,1.688,2.002174,1.403704,0.774,0.53,0.27037,0.232692,0.148077,0.255556,0.144231,0.162963,0.133333,0.056897,0.126923
34.11754,-118.11755,98,0.003571,0.072,0.003704,0.04,0.011538,0,0,0,0,0,0.040741,0.016,0.037037,0.112,0.322222,0.736,1.340741,1.04,1.12963,0.876,0.885185,1.134615,0.822222,1.176923,0.925,1.115385,1.122222,1.116,0.82963,1.212,1.074074,1.053846,1.038462,1.304167,1.264,1.591304,1.018519,0.748,0.988,0.918519,0.942308,0.669231,0.892593,0.580769,0.596296,0.737037,0.331034,0.142308
34.14580001,-118.14753,99,0.310714,0.384,0.174074,0.106,0.094231,0.104,0.166071,0.076,0.127778,0.13,0.144444,0.172,0.3,0.374,0.638889,1.052,1.162963,1.59,1.501852,2.196,2.222222,2.453846,2.8,2.813462,3.178571,2.990385,3.501852,3.014,3.081481,2.852,2.787037,2.803846,2.921154,3.264583,3.208,3.334783,3.207407,3.184,3.264,2.946296,2.551923,1.811538,1.701852,1.344231,1.553704,0.742593,0.672414,0.342308
34.13051996,-118.07328,100,0.274405,0.191333,0.228395,0.162667,0.188462,0.367333,0.169643,0.165333,0.161111,0.140667,0.103704,0.207333,0.335185,0.418,0.519753,0.986,1.182099,1.166667,1.032099,0.957333,0.912346,0.898718,0.825309,0.859615,0.854167,0.976923,1.092593,1.366,1.564815,1.852,1.866667,1.951282,1.910256,1.861806,1.864667,1.831159,1.689506,1.252,1.156667,0.875926,0.605769,0.451282,0.483951,0.408333,0.383333,0.25679,0.216092,0.284615
34.15167999,-118.14424,101,0.135714,0.232,0.253704,0.156,0.403846,0.54,0.5125,0.324,0.32963,0.136,0.22037,0.182,0.227778,0.618,0.661111,1.394,1.596296,1.378,1.32037,1.61,1.585185,1.709615,1.772222,1.805769,2.041071,2.219231,2.348148,2.91,3.583333,3.996,4.596296,4.132692,4.323077,3.9625,4.226,3.65,4.061111,2.918,1.878,0.735185,0.532692,0.271154,0.277778,0.284615,0.124074,0.285185,0.15,0.144231
34.14622002,-118.07331,102,0.314286,0.2112,0.271111,0.1808,0.179231,0.256,0.1975,0.1344,0.138519,0.1608,0.101852,0.232,0.343333,0.618,0.896667,1.3292,1.442963,1.4284,1.350741,1.3964,1.293333,1.571538,1.563704,1.607692,1.535,1.687308,1.688889,1.8992,1.993704,2.196,2.253333,2.512692,2.323077,2.47625,2.3516,2.553478,2.294444,1.734,1.402,1.303333,1.128077,1.099615,0.935556,0.986154,0.71037,0.668519,0.538621,0.382692
34.11901999,-118.1605,103,0.125,0.27,0.162963,0.096,0.109615,0.082,0.125,0.076,0.105556,0.084,0.214815,0.096,0.135185,0.148,0.190741,0.492,0.759259,0.756,0.937037,0.81,1.075926,0.969231,1.001852,1.042308,0.971429,1.201923,0.985185,1.212,1.07037,1.192,1.244444,1.355769,1.163462,1.079167,0.986,1.234783,1.562963,0.888,1.434,1.338889,1.244231,1.307692,1.390741,1.413462,1.201852,1.046296,0.594828,0.217308
34.11776002,-118.1177,104,0.2125,0.18,0.124537,0.0815,0.105769,0.0965,0.077679,0.073,0.100926,0.07,0.064815,0.154,0.231481,0.363,0.480556,0.7625,1.144907,1.1855,1.039815,0.9875,1.0375,1.188462,1.356019,1.209615,1.340541,1.36699,1.291589,1.552525,1.404673,1.568182,1.788426,1.80625,2.075962,2.049479,2.172,2.244022,1.986111,1.371,1.0895,1.115278,0.940865,0.864904,0.706481,0.737019,0.640278,0.559722,0.371983,0.333654
34.11754,-118.11755,105,0.683929,0.812,0.451852,0.248,0.246154,0.198,0.1125,0.152,0.161111,0.23,0.285185,0.808,0.824074,1.12,1.396296,2.216,2.762963,2.266,2.296296,1.928,2.387037,2.140385,2.211111,2.3,2.417857,2.726923,2.412963,3.032,2.659259,2.906,3.164815,2.888462,2.680769,2.733333,2.834,2.197826,2.342593,2.322,2.246,2.059259,2.032692,1.896154,1.938889,1.528846,1.287037,1.503704,1.025862,0.917308
34.15633002,-118.15788,106,0.341071,0.323,0.386111,0.335,0.301923,0.411,0.526786,0.442,0.37037,0.363,0.353704,0.402,0.271296,0.486,0.434259,0.92,1.209259,1.069,0.874528,1.068367,1.641509,1.397059,1.440566,1.554902,1.632143,1.599038,1.580556,2.07551,2.109259,2.078,2.078704,2.092308,1.929808,1.351042,1.636,1.28913,1.908333,1.565,1.192,0.710185,0.925,0.8125,0.637963,0.6875,0.506481,0.355556,0.489655,0.348077
34.15177002,-118.12138,107,0.194643,0.1385,0.093981,0.1075,0.059135,0.0615,0.091518,0.077,0.060648,0.1105,0.124537,0.0955,0.247222,0.4445,0.592593,0.928,1.20463,1.0355,1.116667,1.092,1.087037,1.116827,1.141667,1.227404,1.133482,1.178846,1.204167,1.2905,1.370833,1.45,1.443519,1.499038,1.532692,1.382812,1.2805,1.439674,1.307407,1.2255,0.971,0.934259,0.751923,0.711058,0.57037,0.540385,0.585648,0.391204,0.278017,0.240865
34.16211002,-118.08129,108,0.177778,0.147111,0.120988,0.104,0.103846,0.117333,0.115079,0.097778,0.102058,0.098667,0.131687,0.194222,0.332922,0.400444,0.600412,0.946667,1.117284,1.148,0.923457,1.256,1.213169,1.226068,1.236214,1.14359,1.162698,1.314957,1.258848,1.321333,1.310288,1.275556,1.311934,1.360684,1.344444,1.249074,1.272889,1.276812,1.182305,1.12,0.848889,0.795062,0.78547,0.641026,0.692181,0.649145,0.548148,0.534979,0.352874,0.195726
34.15362996,-118.16788,109,0.0625,0.05,0.064198,0.072667,0.049359,0.046667,0.114881,0.11,0.111728,0.166,0.181481,0.238,0.325309,0.490667,0.653086,1.225333,1.242593,1.396,1.425926,1.436667,1.37037,1.358974,1.362963,1.412179,1.394048,1.248077,1.27284,1.17,1.259259,1.385333,1.575926,1.100641,1.067949,1.069444,1.100667,1.084058,1.07037,1.168,1.170667,1.232099,1.184615,1.222436,1.137654,1.165385,1.067284,0.97284,0.321839,0.055769
34.16668997,-118.06774,110,0.155357,0.104,0.068519,0.074,0.115385,0.07,0.110714,0.076,0.07963,0.114,0.109259,0.182,0.405556,0.552,0.859259,1.328,1.288889,1.28,1.411111,1.332,1.277778,1.609615,1.390741,1.617308,1.5375,1.478846,1.594444,1.41,1.548148,1.606,1.651852,1.425,1.603846,1.502083,1.562,1.563043,1.668519,1.452,1.22,1.133333,0.978846,0.713462,0.642593,0.525,0.503704,0.311111,0.227586,0.234615
34.14574997,-118.15416,111,0.232143,0.224,0.259259,0.268,0.196154,0.232,0.314286,0.228,0.203704,0.232,0.22963,0.368,0.259259,0.22,0.296296,0.636,0.774074,0.724,1.240741,0.872,1.288889,1.4,1.448148,1.623077,1.367857,1.607692,1.833333,1.776,1.748148,1.296,1.296296,1.715385,1.580769,1.829167,1.636,1.991304,1.888889,1.584,1.792,1.262963,1.392308,1.196154,0.888889,1.073077,0.603704,0.574074,0.3,0.415385
34.15173003,-118.1505,112,0.110714,0,0.007407,0.016,0.007692,0,0.007143,0,0.007407,0,0.007407,0,0.103704,0.068,0.02963,0.148,0.22963,0.328,0.362963,0.384,0.511111,0.557692,0.7,1.05,1.060714,1.173077,1.207407,1.44,1.72963,1.86,1.937037,1.880769,1.838462,1.666667,1.62,1.486957,1.318519,1.28,0.852,0.566667,0.346154,0.438462,0.333333,0.338462,0.237037,0.133333,0.117241,0.007692
34.14964001,-118.15359,113,0.193214,0.1812,0.236667,0.1372,0.130769,0.1248,0.140357,0.1892,0.130741,0.1244,0.182593,0.2844,0.495926,0.6504,0.83,1.242,1.567407,1.4304,1.36,1.5,1.651111,1.660769,1.792963,1.633846,1.827143,1.650769,1.818519,1.7632,1.77037,1.9684,1.991481,2.092308,2.145385,1.93375,2.0004,1.939565,2.018889,1.842,1.5552,1.418889,1.312692,1.197692,1.047407,0.93,0.878519,0.773333,0.468276,0.263077
34.131,-118.17699,114,0.141071,0.198,0.151852,0.094,0.096154,0.096,0.085714,0.072,0.107407,0.07,0.061111,0.09,0.103704,0.11,0.385185,0.562,0.890741,1.064,0.612963,0.788,0.716667,0.771154,0.67963,0.807692,0.694643,0.644231,1.107407,0.646,0.790741,0.762,1.018519,0.580769,1.005769,0.883333,0.852,0.682609,0.677778,0.622,0.514,0.564815,0.475,0.417308,0.598148,0.490385,0.385185,0.422222,0.177586,0.084615
34.14957002,-118.13238,115,0.174107,0.1105,0.101852,0.0765,0.05625,0.062,0.052679,0.0495,0.038426,0.0755,0.109259,0.127,0.232407,0.4515,0.518056,0.93,1.243981,1.194,1.311574,1.32,1.527778,1.388942,1.38287,1.596154,1.761161,1.689904,1.935185,2.012,2.031481,2.0545,2.149074,2.017788,2.174519,2.054688,2.011,1.998913,2.089815,1.694,1.7075,1.59537,1.513462,1.399038,1.177315,1.123077,0.978241,0.988889,0.703017,0.209135
34.15127004,-118.13237,116,0.510714,0.752,0.359259,0.28,0.157692,0.36,0.139286,0.124,0.177778,0.28,0.537037,0.596,0.666667,1.168,2.277778,3.3,4.122222,2.896,2.459259,2.6,2.737037,3.196154,2.903704,2.95,3.082143,2.730769,3.055556,3.004,2.988889,2.972,3.274074,2.392308,2.8,2.991667,2.616,2.743478,2.974074,2.872,2.448,2.688889,2.419231,2,1.674074,0.665385,0.937037,0.5,0.493103,1.042308
34.15233001,-118.13236,117,0.282143,0.48,0.274074,0.24,0.234615,0.576,0.232143,0.048,0.051852,0.352,0.266667,0.088,0.5,0.508,0.940741,1.624,2.111111,1.52,1.692593,1.3,1.848148,1.334615,2.055556,1.996154,1.7,1.888462,2.311111,2.276,2.455556,2.824,3.248148,3.819231,3.011538,3.108333,3.348,2.326087,2.125926,1.748,0.908,0.840741,1,0.776923,0.292593,0.684615,0.777778,0.692593,0.231034,0.726923
34.15124003,-118.14145,118,0.138571,0.1288,0.087778,0.0804,0.077308,0.0816,0.075357,0.1,0.072963,0.082,0.107037,0.138,0.212593,0.3348,0.51963,0.848,1.266296,0.9888,0.858889,1.0352,1.213704,1.140769,1.296296,1.195385,1.276786,1.426538,1.365926,1.4676,1.416667,1.5204,1.671481,1.824615,1.868462,1.565417,1.7036,1.455217,1.564444,1.25,1.0832,0.998519,0.940385,0.798077,0.812222,0.721923,0.646296,0.575556,0.374483,0.169231
34.14957002,-118.13238,119,0.27,0.2044,0.188889,0.1668,0.144231,0.166,0.125714,0.1652,0.126296,0.1176,0.143333,0.194,0.372593,0.6196,0.914815,1.3456,1.757407,1.5784,1.641111,1.6372,1.731852,1.738462,1.852963,1.923462,1.951429,1.95,2.101852,2.1648,1.97,1.9812,2.186296,2.196538,2.218077,1.9675,2.0684,1.875652,1.908519,1.7812,1.6048,1.525926,1.414231,1.218077,1.225926,0.979615,0.900741,0.782593,0.531724,0.346923
34.14918998,-118.06771,120,0.092857,0.08,0.085185,0.08,0.096154,0.076,0.1,0.076,0.088889,0.092,0.111111,0.192,0.581481,0.68,2.418519,3.484,3.648148,2.688,2.559259,1.808,1.377778,0.873077,1.018519,0.823077,0.689286,0.65,0.448148,0.54,0.7,0.74,0.877778,0.684615,0.723077,0.975,1.128,1.517391,1.048148,0.772,0.552,0.474074,0.484615,0.5,0.655556,0.561538,0.311111,0.440741,0.189655,0.142308
34.16680003,-118.05237,121,0.10625,0.112,0.086111,0.053,0.061538,0.052,0.078571,0.05,0.069444,0.061,0.076852,0.075,0.224074,0.38,0.506481,1.116,1.15463,1.153,1.024074,1.185,1.108333,1.074038,1.307407,1.220192,1.316071,1.315385,1.240741,1.188,1.235185,1.555,1.436111,1.241346,1.414423,1.242708,1.218,1.070652,1.069444,1.059,0.903,0.721296,0.899038,0.746154,0.618519,0.622115,0.507407,0.408333,0.238793,0.1625
34.14967999,-118.16121,122,0.014286,0,0.074074,0.014,0.001923,0.006,0.014286,0,0.042593,0.036,0.040741,0.006,0.118519,0.212,0.122222,0.602,0.705556,0.642,0.609259,1.09,0.664815,0.896154,0.716667,0.95,0.878571,0.640385,0.87037,0.87,0.964815,1.05,1.009259,1.144231,0.905769,0.9125,0.996,0.921739,1.088889,0.678,0.942,0.790741,0.515385,0.598077,0.388889,0.288462,0.361111,0.272222,0.189655,0.05
34.15322,-118.15659,123,0.135714,0.068,0.103704,0.084,0.076923,0,0.039286,0.028,0.096296,0.04,0.077778,0.088,0.211111,0.148,0.088889,0.12,0.081481,0.156,0.107407,0.204,0.17037,0.203846,0.114815,0.142308,0.096429,0.084615,0.203704,0.212,0.233333,0.188,0.181481,0.165385,0.123077,0.120833,0.164,0.2,0.133333,0.12,0.168,0.137037,0.196154,0.25,0.259259,0.180769,0.244444,0.218519,0.158621,0.134615
34.14961,-118.15486,124,0.025,0.036,0.02963,0,0.015385,0,0.067857,0,0,0.024,0.02963,0.02,0.055556,0.004,0.048148,0.068,0.033333,0.028,0.103704,0.044,0.040741,0.053846,0.122222,0.115385,0.075,0.042308,0.025926,0.1,0.062963,0.112,0.003704,0.061538,0.007692,0,0.06,0.043478,0.1,0.012,0.132,0.025926,0.034615,0.007692,0.037037,0.119231,0,0.014815,0.006897,0.088462
34.14675001,-118.15071,125,0.225,0.268,0.17963,0.2,0.142308,0.142,0.176786,0.152,0.157407,0.15,0.17963,0.262,0.318519,0.286,0.683333,1.044,0.981481,1.33,1.224074,1.346,1.522222,1.625,1.37963,1.286538,1.2625,1.173077,1.277778,1.442,1.351852,0.938,1.288889,1.286538,1.309615,1.239583,1.278,1.067391,1.031481,1.494,1.458,1.040741,1.451923,1.488462,1.318519,0.961538,1.025926,1.103704,0.498276,0.292308
34.14882001,-118.07349,126,0.128571,0.164,0.122222,0.112,0.123077,0.112,0.135714,0.148,0.118519,0.112,0.118519,0.096,0.103704,0.172,0.255556,0.956,0.488889,0.388,0.481481,0.3,0.525926,0.419231,0.485185,0.507692,0.253571,0.2,0.296296,0.228,0.248148,0.328,0.244444,0.273077,0.169231,0.225,0.732,0.452174,0.52963,0.588,0.136,0.155556,0.165385,0.1,0.118519,0.196154,0.203704,0.081481,0.065517,0.134615
34.15007997,-118.08249,127,0.191071,0.096,0.075926,0.114,0.057692,0.038,0.051786,0.058,0.124074,0.07,0.101852,0.352,0.481481,0.842,1.090741,1.488,1.775926,1.892,1.762963,1.548,1.674074,1.959615,2.035185,2.021154,2.035714,2.325,2.431481,2.37,2.274074,2.49,2.605556,2.328846,2.596154,2.558333,2.696,2.682609,2.690741,2.192,1.856,1.488889,1.607692,1.232692,1.164815,1.109615,0.924074,0.518519,0.339655,0.109615
34.14720003,-118.08192,128,0.132143,0.13,0.161111,0.114,0.113462,0.1,0.121429,0.158,0.118519,0.114,0.144444,0.154,0.216667,0.49,0.872222,1.006,1.518519,1.332,1.346296,1.648,1.562963,1.425,1.657407,1.478846,1.569643,1.709615,1.55,1.864,1.711111,1.576,1.487037,1.507692,1.428846,1.272917,1.47,1.082609,1.257407,1.03,1.086,1.290741,1.144231,1.040385,1.181481,1.121154,1.077778,1.024074,0.346552,0.151923
34.15007997,-118.08249,129,0.203214,0.2848,0.169259,0.1108,0.099615,0.1264,0.111429,0.118,0.101111,0.0952,0.122593,0.2184,0.33963,0.5804,0.965185,1.1992,1.594444,1.6012,1.568148,1.3988,1.595926,1.447308,1.616667,1.745385,1.65,1.769615,1.772963,1.8288,1.773704,1.7564,1.735556,1.762692,1.83,1.720833,1.6192,1.598696,1.852593,1.808,1.44,1.394444,1.136923,1.141923,0.99037,0.991538,0.941111,0.887037,0.53069,0.369615
34.14669997,-118.15417,130,0.189286,0.112,0.12963,0.128,0.096154,0.028,0.153571,0.044,0.044444,0.04,0.114815,0.04,0.055556,0.08,0.192593,0.512,0.903704,0.644,1.362963,1.496,1.325926,1.153846,1.32963,0.934615,1.232143,1.238462,0.722222,0.94,1.103704,0.836,1.007407,0.926923,0.826923,0.466667,0.744,0.421739,0.733333,0.932,1.124,1.551852,1.080769,1.253846,1.507407,1.323077,1.12963,1.137037,0.606897,0.111538
34.14964001,-118.15359,131,0.110714,0.108,0.135185,0.066,0.053846,0.118,0.135714,0.084,0.059259,0.164,0.137037,0.144,0.2,0.208,0.3,0.68,0.653704,0.612,0.825926,0.606,0.475926,0.842308,0.625926,0.669231,0.516071,0.694231,0.748148,0.754,0.992593,0.802,0.890741,0.851923,0.934615,1.172917,1.414,0.930435,1.257407,1.156,0.754,0.696296,0.901923,1.1,0.764815,0.703846,0.859259,0.740741,0.455172,0.088462
34.19021001,-118.13131,132,0.106696,0.1125,0.099537,0.0805,0.037019,0.0505,0.038839,0.041,0.028241,0.036,0.042593,0.055,0.137037,0.172,0.441667,0.797,0.960648,0.928,0.862037,0.853,0.933333,0.950481,1.02037,1.120192,1.016964,1.189904,1.135648,1.132,1.26713,1.314,1.391667,1.461538,1.29375,1.173438,1.0945,1.228261,1.184722,0.9535,0.8645,0.760185,0.632212,0.640385,0.564815,0.494231,0.475463,0.422222,0.250862,0.140865
34.11901999,-118.1605,133,0.375,0.282,0.257407,0.196,0.105769,0.34,0.242857,0.236,0.240741,0.28,0.425926,0.436,0.631481,0.668,0.911111,1.152,1.124074,1.612,1.37037,1.73,1.361111,1.25,1.322222,1.598077,1.376786,1.605769,1.414815,1.358,1.512963,1.574,1.67037,1.605769,1.580769,1.81875,1.736,1.945652,1.696296,1.838,1.712,1.912963,1.715385,1.675,1.512963,1.544231,1.590741,1.155556,0.718966,0.465385
34.17146003,-118.17675,134,0.057143,0.036,0.055556,0.052,0.026923,0.036,0.035714,0.052,0.055556,0.072,0.055556,0.124,0.114815,0.064,0.244444,0.756,0.366667,0.5,0.848148,1.32,1.074074,1.515385,0.740741,0.773077,0.410714,0.9,0.707407,0.488,0.42963,0.352,0.377778,0.673077,0.242308,0.55,0.568,0.417391,0.522222,0.472,0.504,0.422222,0.296154,0.369231,0.437037,0.365385,0.177778,0.392593,0.244828,0.088462
34.11776002,-118.1177,135,0.342857,0.264,0.237037,0.2,0.173077,0.22,0.142857,0.144,0.111111,0.144,0.281481,0.364,0.181481,0.312,0.903704,1.04,1.925926,1.584,1.881481,1.94,2.011111,1.930769,2.033333,2.234615,2.135714,2.388462,2.066667,2.116,2.381481,2.588,2.355556,2.596154,2.426923,2.545833,2.62,2.656522,2.37037,2.148,1.836,1.488889,1.419231,1.130769,1.314815,0.896154,0.677778,0.522222,0.42069,0.461538
34.12404,-118.15799,136,0.389286,0.239,0.114815,0.104,0.121154,0.151,0.266071,0.093,0.094444,0.144,0.126852,0.201,0.172222,0.4,0.337963,0.556,0.874074,0.924,0.510185,0.553,0.556481,0.588462,0.660185,0.739423,0.541964,0.726923,0.701852,0.803,0.70463,0.875,0.703704,0.680769,0.692308,0.789583,0.881,1.266304,0.847222,0.683,0.685,0.506481,0.309615,0.438462,0.436111,0.434615,0.371296,0.264815,0.209483,0.233654
34.14574997,-118.15416,137,0.098214,0.12,0.107407,0.036,0.115385,0.088,0.058929,0.15,0.055556,0.1,0.075926,0.176,0.238889,0.688,0.511111,0.65,0.916667,0.952,0.742593,1.002,1.107407,0.990385,0.9,1.101923,0.855357,0.944231,1.042593,1.468,1.031481,1.232,1.127778,1.234615,1.071154,0.985417,1.194,1.1,0.964815,1.024,1.05,0.925926,0.623077,0.6,0.414815,0.330769,0.609259,0.412963,0.101724,0.251923
34.12404,-118.15773,138,0.358036,0.247,0.330556,0.196,0.267308,0.157,0.159821,0.159,0.181481,0.157,0.264815,0.536,0.733333,1.196,1.550926,2.114,2.286111,2.31,1.281481,1.765,1.678704,1.926923,2.167593,2.415385,2.167857,2.794231,2.652778,2.599,2.912963,2.96,2.962963,2.792308,3.230769,2.841667,3.014,3.329348,2.865741,3.026,2.487,1.863889,1.375962,1.371154,1.401852,1.226923,1.343519,1.073148,0.847414,0.430769
34.14865002,-118.0725,139,0.291071,0.246,0.298148,0.266,0.388462,0.792,0.392857,0.388,0.368519,0.224,0.151852,0.212,0.577778,0.804,1.314815,1.916,1.925926,2.036,1.725926,1.468,1.425926,1.265385,1.5,1.538462,1.614286,1.805769,1.8,2.7,3.066667,3.566,3.67037,4.223077,4.413462,4.625,4.426,4.245652,3.357407,2.278,1.694,1.272222,0.342308,0.146154,0.214815,0.194231,0.311111,0.233333,0.144828,0.261538
34.17028002,-118.16658,140,0.06087,0.03,0.065909,0.146154,0.057143,0.06,0.082222,0.05641,0.076744,0.089744,0.055814,0.069231,0.046512,0.058974,0.139535,0.451282,0.637209,0.812821,0.886047,0.876923,0.844186,0.843902,0.92093,0.745,0.790909,0.6925,0.634884,0.723077,0.562791,0.564103,0.460465,0.53,0.621951,0.518919,0.5525,0.669444,0.676744,0.653846,0.669231,0.695238,0.745,0.67,0.569767,0.663415,0.625581,0.562791,0.167391,0.068293
34.14212001,-118.10171,141,0.051786,0.061,0.052778,0.033,0.027885,0.022,0.055357,0.024,0.025926,0.016,0.064815,0.061,0.107407,0.191,0.331481,0.59,0.856481,1.11,0.753704,0.701,0.799074,0.6125,0.803704,0.800962,1.046429,1.057692,0.961111,0.906,1.034259,1.242,1.402778,1.493269,1.367308,1.175,1.546,1.26087,1.17037,0.734,0.62,0.452778,0.506731,0.484615,0.325,0.341346,0.273148,0.2,0.19569,0.153846
34.13575999,-118.15558,142,0.044048,0.048,0.024691,0.027333,0.035897,0.036,0.043452,0.04,0.050617,0.032,0.067901,0.054667,0.108025,0.205333,0.254321,0.584,0.775926,0.955333,0.951852,0.982667,0.901852,0.988462,1.012346,1.03141,0.857143,1.012179,1.005556,0.896667,0.804938,0.89,0.947531,0.954487,1.088462,0.984028,1.048667,0.986957,1.002469,0.858,0.806667,0.881481,0.703846,0.739744,0.748765,0.740385,0.638272,0.562346,0.226437,0.138462
34.12752,-118.14719,143,0.228571,0.232,0.162963,0.08,0.075,0.088,0.033929,0.072,0.061111,0.062,0.075926,0.312,0.177778,0.256,0.509259,0.808,1.507407,1.238,1.018519,1.058,1.233333,0.984615,1.183333,1.132692,1.364286,1.353846,1.409259,1.322,1.414815,1.616,2.125926,2.211538,1.886538,2.004167,2.308,2.034783,1.872222,1.596,1.274,1.266667,1.107692,0.826923,0.894444,0.607692,0.411111,0.533333,0.475862,0.428846
34.12749996,-118.15409,144,0.282143,0.234667,0.202469,0.248,0.274359,0.248,0.261905,0.293333,0.275309,0.326667,0.181481,0.174667,0.214815,0.316,0.509877,0.98,1.109877,1.024,1.2,1.188,1.141975,1.05,1.52963,1.955128,1.964286,2.084615,2.141975,1.821333,1.712346,1.477333,1.679012,1.875641,2.023077,1.8125,1.677333,1.652174,2.037037,2.346667,1.753333,1.397531,1.342308,0.917949,0.84321,0.920513,0.838272,0.782716,0.421839,0.217949
34.13588002,-118.13228,145,0.129286,0.0776,0.108148,0.0664,0.041538,0.0576,0.071429,0.0496,0.046667,0.048,0.09037,0.1096,0.222222,0.4056,0.598519,1.296,1.682963,1.5704,1.427407,1.2456,1.373333,1.212308,1.431111,1.696154,1.619286,1.673846,1.694815,1.6152,1.574815,1.7376,2.117037,1.920769,1.903077,1.836667,2.0288,1.57913,1.724444,1.2688,1.2232,1.007407,1.05,0.864615,0.731111,0.606923,0.565926,0.448148,0.341379,0.155385
34.13579998,-118.14729,146,0.177857,0.0888,0.084444,0.0528,0.132308,0.0696,0.05,0.0752,0.046667,0.0768,0.097778,0.1304,0.28963,0.5216,0.737037,1.288,1.635556,1.7528,1.515556,1.58,1.632593,1.666923,1.918519,2.024615,1.946429,2.190769,2.314074,2.2112,2.326667,2.2776,2.528889,2.232308,2.310769,2.34,2.46,2.165217,2.097037,1.8616,1.6104,1.560741,1.29,1.056154,0.834815,0.573077,0.597778,0.434815,0.353793,0.193077
34.13575999,-118.15412,147,0.323571,0.2384,0.185926,0.1608,0.127692,0.1232,0.08,0.108,0.177778,0.1336,0.232593,0.3784,0.63037,0.6784,0.979259,1.264,1.802963,1.7256,1.732593,1.9776,2.126667,1.983077,2.066667,2.190769,2.085,2.221538,2.206667,2.1856,2.296296,2.46,2.517037,2.58,2.541538,2.571667,2.5784,2.497391,2.434074,2.1312,2.0336,2.087407,1.857692,1.750769,1.471852,1.305385,1.237778,1.048889,0.718621,0.489231
34.11252997,-118.13954,148,0.071429,0.062,0.07037,0.05,0.046154,0.054,0.067857,0.046,0.051852,0.046,0.061111,0.04,0.05,0.14,0.207407,0.586,0.940741,0.746,0.87037,0.592,0.518519,0.776923,0.911111,0.794231,0.751786,0.888462,0.983333,0.864,0.764815,0.862,1.027778,1.271154,1.023077,0.939583,1.292,1.076087,0.833333,0.762,0.674,0.477778,0.592308,0.603846,0.562963,0.869231,0.396296,0.316667,0.12931,0.076923
34.14465001,-118.15593,149,0.139286,0.162,0.149074,0.116,0.115385,0.124,0.116964,0.118,0.137037,0.093,0.177778,0.299,0.412037,0.509,0.737037,1.075,1.665741,1.631,1.553704,1.54,1.550926,1.608654,1.616667,1.588462,1.55625,1.555769,1.775,1.348,1.693519,1.509,1.662037,1.601923,1.313462,1.291667,1.437,1.498913,1.50463,1.409,1.332,1.074074,1.1125,1.158654,1.064815,0.973077,1.103704,0.790741,0.343103,0.163462
34.14359003,-118.15527,150,0.021429,0,0,0,0.023077,0,0,0.016,0,0,0,0,0,0,0,1.952,2.537037,1.368,0.277778,0.296,0.02963,0.019231,0,0.003846,0.142857,0.292308,0.614815,0.504,0.659259,1.28,2.311111,1.234615,1.176923,1.8125,0.976,0.834783,0.955556,0.564,0,0,0,0,0,0,0,0,0,0
34.13883003,-118.15413,151,0.092857,0.156,0.244444,0.228,0.115385,0.2,0.207143,0.312,0.088889,0.072,0.088889,0.084,0.344444,0.104,0.17037,0.672,0.688889,0.392,0.318519,0.276,0.311111,0.261538,0.348148,0.165385,0.278571,0.269231,0.251852,0.268,0.485185,0.464,0.533333,0.542308,0.515385,0.666667,1.024,0.508696,0.785185,0.58,0.652,0.366667,0.423077,0.315385,0.211111,0.161538,0.12963,0.17037,0.168966,0.176923
34.14284002,-118.15473,152,0.227679,0.198,0.194444,0.161,0.109615,0.149,0.14375,0.289,0.180556,0.072,0.093519,0.146,0.273148,0.153,0.155556,0.265,0.255556,0.236,0.227778,0.236,0.264815,0.217308,0.218519,0.144231,0.215179,0.229808,0.248148,0.267,0.322222,0.327,0.373148,0.385577,0.288462,0.284375,0.396,0.325,0.480556,0.42,0.35,0.289815,0.291346,0.306731,0.332407,0.257692,0.316667,0.22963,0.252586,0.259615
34.14284002,-118.15473,153,0.310714,0.24,0.340741,0.112,0.226923,0.168,0.053571,0.292,0.27037,0.136,0.118519,0.172,0.322222,0.336,0.607407,0.616,0.622222,0.704,0.703704,0.768,0.703704,0.688462,0.8,0.738462,0.592857,0.788462,0.566667,0.632,0.655556,0.76,0.818519,0.761538,0.861538,0.9125,0.896,0.647826,0.803704,0.796,0.68,0.859259,0.846154,0.915385,0.755556,0.861538,0.533333,0.551852,0.465517,0.434615
34.13579998,-118.14743,154,0.242262,0.212,0.195679,0.146,0.144872,0.151333,0.122024,0.117333,0.12284,0.192667,0.198765,0.262667,0.503086,0.565333,0.709877,1.057333,1.369753,1.042,1.090741,1.141333,1.125926,1.232051,1.275309,1.305128,1.354167,1.478205,1.514815,1.343333,1.437037,1.731333,1.998765,1.857051,1.830769,1.716667,1.613333,1.876812,1.828395,1.504667,1.282,1.288272,0.932051,0.913462,0.996914,0.637821,0.744444,0.520988,0.388506,0.34359
34.13589,-118.10148,155,0.232143,0.148,0.174074,0.14,0.153846,0.126,0.153571,0.148,0.096296,0.092,0.096296,0.102,0.159259,0.222,0.45,0.864,1.05,1.354,0.901852,0.934,0.859259,0.853846,1.042593,0.967308,0.978571,1.021154,1.118519,1.348,1.148148,1.484,1.461111,1.626923,1.55,1.341667,1.558,1.363043,1.292593,1.286,1.17,1.068519,0.75,0.5,0.751852,0.665385,0.444444,0.474074,0.467241,0.198077
34.14212001,-118.10153,156,0.205357,0.37,0.207407,0.146,0.294231,0.204,0.1375,0.15,0.144444,0.176,0.155556,0.148,0.437037,0.284,0.535185,1.044,1.3,1.754,1.251852,0.866,1.266667,1.323077,1.125926,1.023077,1.173214,1.386538,1.25,1.404,1.411111,1.338,2.155556,2.026923,1.753846,2,2.168,2.004348,2.012963,1.642,1.288,1.022222,1.376923,1.217308,1.353704,0.876923,1.042593,1.088889,0.527586,0.367308
34.14468002,-118.15993,157,0.176786,0.076,0.092593,0.078,0.096154,0.08,0.078571,0.09,0.133333,0.112,0.127778,0.166,0.509259,0.66,0.738889,1.554,1.72037,1.612,1.716667,1.502,1.742593,1.392308,1.65,1.361538,1.898214,1.530769,1.812963,1.688,1.401852,1.276,1.748148,1.586538,1.776923,1.53125,1.462,1.26087,1.322222,1.246,1.172,1.477778,1.5,1.132692,1.383333,1.228846,0.864815,0.859259,0.22069,0.1
34.12962997,-118.08028,158,0.197619,0.269333,0.197531,0.132667,0.108974,0.138667,0.1125,0.086667,0.088889,0.138,0.156173,0.200667,0.238889,0.348667,0.467284,1.058667,1.314815,1.292667,1.085185,1.100667,1.293827,1.442949,1.322222,1.275,1.466071,1.424359,1.451852,1.482667,1.482716,1.594,1.659877,1.689103,1.70641,1.538889,1.784667,1.666667,1.700617,1.360667,1.361333,1.027778,0.826923,0.882051,0.954321,0.730769,0.610494,0.523457,0.41954,0.296154
34.13589,-118.10165,159,0.291071,0.207,0.124074,0.1,0.077885,0.071,0.0875,0.066,0.107407,0.102,0.116667,0.201,0.424074,0.704,0.793519,1.252,1.501852,1.333,1.576852,1.449,1.689815,1.680769,1.591667,1.685577,1.766071,1.621154,1.665741,1.592,1.763889,1.661,1.864815,1.857692,1.825,1.639583,1.68,1.463043,1.543519,1.28,1.32,1.093519,1.142308,0.889423,0.780556,0.713462,0.715741,0.488889,0.308621,0.442308
34.11833997,-118.17224,160,0.123214,0.11,0.15,0.234,0.253846,0.316,0.308929,0.374,0.362963,0.456,0.511111,0.67,0.735185,1.002,1.096296,1.548,1.975926,2.138,2.261111,2.242,2.209259,2.138462,2.116667,2.026923,1.971429,2.086538,2.02963,2.104,1.922222,1.836,1.898148,1.934615,1.596154,1.854167,1.92,1.923913,1.877778,1.914,1.992,1.838889,1.957692,2.017308,2.081481,1.901923,2.053704,1.896296,1.072414,0.194231
34.13573996,-118.16609,161,0.15,0.144,0.124074,0.118,0.119231,0.118,0.1125,0.118,0.125926,0.132,0.12037,0.118,0.122222,0.112,0.194444,0.392,0.531481,0.766,0.683333,0.826,0.712963,0.815385,0.640741,0.880769,0.821429,0.778846,0.927778,0.786,0.842593,0.69,0.548148,0.605769,0.563462,0.4625,0.778,0.582609,0.687037,0.754,0.814,0.848148,0.892308,1.001923,0.875926,0.973077,0.916667,0.835185,0.394828,0.126923
34.13470002,-118.07318,162,0.233929,0.124,0.17963,0.17,0.130769,0.102,0.164286,0.064,0.098148,0.036,0.031481,0.26,0.275926,0.294,0.305556,0.814,0.653704,1.024,0.787037,0.668,0.892593,0.763462,0.816667,0.990385,0.955357,1.048077,1.185185,1.14,1.15,1.274,1.37037,1.413462,1.375,1.316667,1.268,1.504348,1.485185,1.222,1.044,0.883333,0.688462,0.690385,0.735185,0.482692,0.585185,0.453704,0.434483,0.196154
34.14110002,-118.17885,163,0.158929,0.178,0.246296,0.218,0.255769,0.29,0.469643,0.316,0.153704,0.094,0.12037,0.198,0.116667,0.088,0.159259,0.788,1.162963,0.888,0.431481,0.388,0.424074,0.411538,0.259259,0.536538,0.469643,0.536538,0.431481,0.56,0.925926,1.21,1.481481,1.357692,1.498077,1.177083,2.06,1.797826,1.762963,0.974,0.51,0.312963,0.190385,0.180769,0.212963,0.184615,0.288889,0.266667,0.177586,0.126923
34.14872001,-118.16542,164,0.004348,0.01,0.009091,0.023077,0.009524,0.015,0.013333,0.015385,0.013953,0.023077,0.025581,0.025641,0.111628,0.251282,0.397674,0.515385,0.525581,0.584615,0.674419,0.738462,0.62093,0.841463,0.855814,0.7625,0.577273,0.46,0.588372,0.697436,0.493023,0.494872,0.174419,0.5725,0.25122,0.175676,0.545,0.241667,0.288372,0.466667,0.507692,0.3,0.4075,0.52,0.455814,0.458537,0.397674,0.297674,0.136957,0.014634
34.14961,-118.16664,165,0.180357,0.212,0.142593,0.116,0.065385,0.046,0.114286,0.208,0.077778,0.096,0.148148,0.22,0.246296,0.236,0.357407,0.202,0.27037,0.398,0.42963,0.406,0.855556,0.628846,0.472222,0.613462,0.3125,0.292308,0.342593,0.368,0.368519,0.322,0.383333,0.392308,0.223077,0.21875,0.318,0.284783,0.281481,0.228,0.208,0.216667,0.153846,0.2,0.268519,0.211538,0.124074,0.188889,0.124138,0.169231
34.13575002,-118.09436,166,0.148214,0.128,0.090741,0.082667,0.080128,0.091333,0.090476,0.063333,0.07037,0.096,0.085185,0.150667,0.1,0.320667,0.483333,1.02,1.154321,1.207333,1.075309,1.118667,1.164198,0.978205,1.02037,1.214103,1.21369,1.203846,1.237888,1.338667,1.37716,1.493333,1.552469,1.439744,1.461538,1.509722,1.442,1.444203,1.480247,1.194,1.043333,1.007407,0.798718,0.757051,0.653086,0.617308,0.461111,0.431481,0.304598,0.182692
34.15233999,-118.10805,167,0.189286,0.336,0.294444,0.288,0.288462,0.528,0.441071,0.404,0.22963,0.19,0.3,0.226,0.312963,0.688,1.253704,2.02,2.301852,2.108,2.031481,1.816,1.607407,1.226923,1.348148,1.217308,1.151786,1.598077,1.612963,2.116,2.861111,3.352,3.633333,4.151923,3.465385,3.452083,3.522,3.265217,3.316667,1.97,1.486,0.483333,0.275,0.205769,0.411111,0.257692,0.15,0.159259,0.158621,0.3
34.12512001,-118.10719,168,0.042857,0.16,0.053704,0.018,0.076923,0.022,0.035714,0.02,0.064815,0.022,0.048148,0.048,0.12963,0.116,0.222222,0.506,0.45,0.33,0.503704,0.412,0.981481,0.642308,0.785185,0.838462,0.5375,1.157692,0.901852,1.188,1.301852,0.844,1.064815,1.351923,0.990385,0.754167,0.996,0.8,1.138889,0.666,0.61,0.561111,0.392308,0.465385,0.466667,0.375,0.483333,0.175926,0.210345,0.225
34.17458002,-118.09818,169,0.233214,0.1948,0.10037,0.1164,0.078846,0.0952,0.070714,0.0512,0.091111,0.0888,0.145556,0.1796,0.234074,0.4676,0.687778,1.054,1.250741,1.4036,1.270741,1.2628,1.381111,1.494231,1.435926,1.413846,1.514643,1.526538,1.616667,1.5636,1.649259,1.7836,1.706667,1.801154,1.876154,1.805417,1.6536,1.803478,1.687407,1.3844,1.3572,1.20037,1.094231,0.966538,0.889259,0.918846,0.845556,0.628889,0.418276,0.198077
34.14613998,-118.09459,170,0.073214,0.002,0.02037,0.03,0.075,0.006,0.003571,0,0,0.014,0.016667,0,0.051852,0.114,0.172222,0.446,0.624074,0.554,0.661111,0.566,0.844444,0.934615,0.772222,0.596154,0.971429,0.713462,0.816667,1.088,1.018519,1.112,0.875926,0.853846,0.746154,0.783333,0.922,0.919565,0.92037,0.88,0.8,0.653704,0.671154,0.553846,0.455556,0.265385,0.287037,0.116667,0.134483,0.021154
34.14829002,-118.0849,171,0.103571,0.174,0.181481,0.182,0.163462,0.328,0.253571,0.316,0.181481,0.158,0.224074,0.128,0.185185,0.324,1.042593,1.95,2.292593,2.04,1.768519,1.804,1.346296,0.886538,0.818519,0.576923,0.607143,1.101923,1.268519,1.764,2.324074,2.816,3.201852,3.519231,3.311538,3.233333,3.448,2.908696,2.7,1.726,1.186,0.348148,0.082692,0.098077,0.262963,0.123077,0.088889,0.077778,0.113793,0.178846
34.12449002,-118.15436,172,0.053571,0.116,0.011111,0.048,0.076923,0.092,0.121429,0.02,0.1,0.032,0.011111,0.032,0.059259,0.232,0.192593,0.22,0.244444,0.252,0.285185,0.24,0.381481,0.157692,0.292593,0.330769,0.475,0.369231,0.551852,0.504,0.82963,0.64,0.588889,0.507692,0.319231,0.133333,0.364,0.273913,0.4,0.256,0.188,0.162963,0.134615,0.153846,0.088889,0.069231,0.133333,0.125926,0.02069,0.038462
34.11914002,-118.15031,173,0.405357,0.41,0.266667,0.446,0.321154,0.38,0.151786,0.078,0.164815,0.33,0.374074,0.43,0.533333,0.616,0.616667,0.624,0.672222,0.918,1.122222,0.776,0.692593,0.911538,0.87037,0.915385,1.089286,1.253846,0.97963,0.92,1.240741,1.106,1.1,0.982692,1.190385,1.158333,1.344,1.476087,1.292593,1.218,1.052,0.814815,0.846154,0.651923,0.818519,0.880769,0.709259,0.762963,0.655172,0.592308
34.11892,-118.14567,174,0.191071,0.292,0.135185,0.156,0.207692,0.126,0.1,0.1,0.084259,0.134,0.097222,0.153,0.264815,0.319,0.469444,0.928,1.153704,0.914,0.817593,0.876,0.928704,0.905769,0.988889,0.988462,0.926786,0.946154,1.283333,0.91,1.048148,1.218,1.459259,1.433654,1.321154,1.614583,1.585,1.840217,1.543519,1.569,1.183,1.007407,1.205769,0.9125,0.936111,0.7125,0.564815,0.717593,0.577586,0.510577
34.11252997,-118.13954,175,0.1875,0.36,0.090741,0.144,0.088462,0.048,0.026786,0.042,0.114815,0.072,0.107407,0.084,0.12963,0.194,0.355556,0.616,0.803704,0.486,0.568519,0.518,0.888889,0.896154,0.603704,0.817308,1.028571,0.85,0.877778,0.804,0.562963,1.066,1.003704,0.869231,0.917308,0.872917,0.978,1.232609,1.161111,0.952,0.662,0.97963,0.730769,0.384615,0.853704,0.751923,0.472222,0.612963,0.674138,0.621154
34.13067997,-118.06744,176,0.667857,0.332,0.444444,0.116,0.073077,0.228,0.2,0.276,0.066667,0.1,0.07037,0.128,0.448148,0.656,0.574074,1.712,0.955556,1.64,2.381481,2.096,1.940741,2.507692,2.625926,3.053846,2.725,2.996154,2.711111,2.66,2.996296,2.752,3.333333,3.211538,2.911538,2.858333,2.976,3.178261,3.992593,2.776,2.9,2.662963,2.246154,1.773077,2.585185,1.35,1.685185,1.351852,1.134483,0.930769
34.12301003,-118.07291,177,0.064286,0.028,0.02963,0.12,0.05,0.004,0,0,0.074074,0,0.096296,0,0.077778,0.224,0.925926,0.46,1.662963,1.384,1.203704,0.832,1.259259,1.061538,1.22963,1.6,1.228571,1.676923,1.166667,1.656,1.47037,1.896,2.088889,1.85,1.684615,1.575,1.592,2.052174,1.862963,1.496,1.296,1.485185,1.061538,0.838462,0.8,0.492308,0.296296,0.485185,0.268966,0.173077
34.11182002,-118.12669,178,0.3375,0.423,0.285185,0.19,0.132692,0.169,0.119643,0.138,0.121296,0.103,0.163889,0.497,0.330556,0.546,0.657407,0.979,1.492593,1.278,1.387037,1.316,1.336111,1.435577,1.459259,1.474038,1.463393,1.513462,1.439815,1.518,1.590741,1.588,1.681481,1.511538,1.326923,1.486458,1.425,1.456522,1.387037,1.261,1.281,1.184259,1.161538,1.116346,1.046296,1.061538,0.831481,0.817593,0.513793,0.5625
34.14531,-118.16401,179,0.326429,0.3368,0.115556,0.0992,0.165385,0.124,0.189286,0.1584,0.097037,0.1072,0.123704,0.2312,0.340741,0.444,0.652593,1.032,1.042222,1.164,1.042222,1.0696,1.195556,1.236154,1.140741,1.197692,1.290714,1.515385,1.504444,1.436,1.379259,1.4872,1.622963,1.427692,1.433077,1.358333,1.3112,1.346957,1.23037,0.9816,0.8488,0.714074,0.601538,0.61,0.396296,0.617692,0.475556,0.534815,0.368966,0.220769
34.14702997,-118.15598,180,0.10625,0.219,0.163889,0.168,0.134615,0.144,0.16875,0.129,0.114815,0.132,0.164815,0.14,0.227778,0.507,0.616667,0.959,1.309259,1.305,1.07963,1.494,1.602778,1.190385,1.503704,1.616505,1.499099,1.557692,1.412963,1.663,1.761111,1.502,1.684259,1.457692,1.291346,1.435417,1.36,1.440217,1.316667,1.535,1.264,1.208333,1.093269,1.147115,1.097222,1.007692,0.872222,0.846296,0.388793,0.155769
34.13572999,-118.15899,181,0.108333,0.186667,0.108642,0.085333,0.111538,0.078667,0.111905,0.092,0.098765,0.065333,0.079012,0.132,0.295062,0.589333,0.758025,1.505333,0.988889,1.016,0.864198,0.574667,0.944444,0.770513,0.734568,0.779487,0.854762,1.024359,0.869136,1.024,1.249383,1.029333,1.525926,1.19359,1.101282,0.883333,1.018667,0.911594,0.92716,0.836,0.678667,0.703704,0.544872,0.751282,0.537037,0.374359,0.47037,0.334568,0.263218,0.219231
34.16188999,-118.06805,182,0.196429,0.15,0.144444,0.092,0.096154,0.08,0.114286,0.092,0.075926,0.08,0.125926,0.102,0.238889,0.424,0.664815,1.282,1.52963,0.95,1.272222,1.118,1.138889,1.025,0.707407,1.201923,0.8125,0.909615,0.866667,1.176,1.233333,1.15,2.17037,1.103846,1.238462,1.283333,0.694,1.013043,1.324074,1.27,1.338,1.022222,0.923077,1.171154,0.988889,1.019231,0.714815,0.922222,0.318966,0.155769
34.17380998,-118.1616,183,0.010714,0.032,0.007407,0.04,0.065385,0.044,0,0.004,0.033333,0,0,0.004,0.007407,0,0.048148,0,0.033333,0.02,0.077778,0.072,0.059259,0.073077,0.085185,0.065385,0.132143,0.080769,0.137037,0.08,0.040741,0.08,0.074074,0.053846,0.05,0.0125,0.124,0.056522,0.144444,0.008,0.14,0.166667,0.126923,0.076923,0.059259,0.026923,0.044444,0.062963,0.048276,0.134615
34.15266998,-118.16769,184,0.119643,0.086,0.082407,0.036,0.075,0.043,0.035714,0.059,0.053704,0.105,0.072222,0.114,0.092593,0.19,0.296296,0.458,0.508333,0.558,0.591667,0.801,0.983333,0.728846,0.682407,0.878846,0.665179,0.6875,0.708333,0.68,0.642593,0.591,0.687963,0.602885,0.403846,0.513542,0.645,0.46087,0.503704,0.592,0.482,0.35,0.380769,0.453846,0.355556,0.401923,0.267593,0.290741,0.200862,0.044231
34.17072996,-118.16656,185,0.123214,0.046,0.092593,0.068,0.055769,0.056,0.060714,0.06,0.057407,0.056,0.114815,0.106,0.127778,0.106,0.277778,0.38,0.644444,0.74,0.827778,1.136,0.8,1.1,0.833333,0.967308,0.744643,0.871154,1.003704,0.84,0.983333,0.862,0.724074,0.475,0.948077,0.658333,0.836,0.71087,0.712963,0.706,0.676,0.840741,0.884615,0.653846,0.592593,0.671154,0.65,0.525926,0.282759,0.086538
34.16220004,-118.15898,186,0.157143,0.114,0.101852,0.09,0.082692,0.06,0.123214,0.148,0.053704,0.126,0.125926,0.192,0.196296,0.382,0.492593,0.584,0.912963,1.088,0.783333,0.592,0.814815,0.859615,0.840741,0.978846,0.855357,0.865385,0.848148,0.96,1.059259,0.928,1.12037,0.996154,1.163462,0.877083,0.918,0.943478,0.916667,0.844,0.962,0.707407,0.757692,0.561538,0.631481,0.9,0.764815,0.562963,0.451724,0.203846
34.16212996,-118.16005,187,0.017857,0.05,0.083333,0.066,0.005769,0.012,0.033929,0.03,0.044444,0.036,0.007407,0.046,0.109259,0.226,0.309259,0.55,0.898148,0.888,1.075926,0.984,1.025926,1,1.022222,0.867308,1.158929,0.869231,1.055556,0.986,1.227778,1.204,0.985185,0.807692,0.725,0.8375,0.74,0.858696,0.844444,0.824,0.91,0.992593,0.861538,0.811538,0.842593,0.896154,0.892593,0.761111,0.256897,0.015385
34.15266001,-118.15231,188,0.041071,0.074,0.048148,0.026,0.032692,0.042,0.057143,0.1,0.055556,0.098,0.055556,0.044,0.17963,0.246,0.546296,0.94,1.161111,1.09,1.116667,1.218,1.274074,1.125,1.331481,1.144231,1.225,1.290385,1.392593,1.16,1.3,1.626,1.659259,1.192308,1.263462,1.133333,1.06,1.030435,1.053704,1.056,0.82,0.92963,0.761538,0.859615,0.711111,0.771154,0.574074,0.577778,0.224138,0.057692
34.15243001,-118.15049,189,0.119643,0.042,0.12037,0.044,0.069231,0.056,0.071429,0.014,0.05,0.06,0.075926,0.018,0.231481,0.312,0.551852,0.912,1.066667,1.264,1.187037,1.446,1.231481,1.440385,1.27963,1.4,1.217857,0.965385,1.133333,1.224,0.968519,1.35,0.898148,1.130769,1.457692,1.44375,1.464,1.526087,1.507407,1.638,1.284,1.314815,0.925,0.857692,0.559259,1.034615,0.812963,0.751852,0.362069,0.136538
34.14961997,-118.15642,190,0,0.004,0.17037,0.068,0.011538,0.056,0.010714,0.028,0.003704,0.052,0.088889,0.124,0.277778,0,0.17037,0.028,0.114815,0.076,0.181481,0.352,0.537037,0.423077,0.444444,0.330769,0.271429,0.35,0.466667,0.456,0.277778,0.5,0.281481,0.203846,0.169231,0.108333,0.228,0.147826,0.051852,0.316,0.12,0.52963,0.088462,0.065385,0.218519,0.238462,0.203704,0.137037,0.037931,0.011538
34.16094996,-118.16408,191,0.033929,0.022,0.040741,0.058,0.026923,0.03,0.028571,0.028,0.025926,0.04,0.075926,0.03,0.12963,0.052,0.146296,0.42,0.653704,0.81,0.87963,0.762,0.835185,0.846154,0.794444,0.919231,0.671429,0.711538,0.672222,0.608,0.559259,0.64,0.625926,0.525,0.778846,0.604167,0.722,0.726087,0.638889,0.754,0.61,0.703704,0.715385,0.659615,0.618519,0.717308,0.651852,0.544444,0.177586,0.071154
34.17504002,-118.15965,192,0.367857,0.464,0.403704,0.244,0.246154,0.416,0.278571,0.088,0.059259,0.088,0.259259,0.36,0.9,1.108,1.448148,2.212,2.625926,2.24,2.548148,2.052,2.318519,2.153846,2.233333,2.35,2.189286,2.376923,2.355556,2.476,2.751852,2.704,2.633333,2.5,2.592308,2.5,2.364,2.469565,2.603704,2.364,1.964,1.574074,2.311538,2.257692,2.17037,1.819231,1.411111,1.133333,0.910345,0.784615
34.18073997,-118.16914,193,0.1,0.348,0.133333,0.068,0.080769,0.06,0.05,0.04,0.062963,0.064,0.103704,0.136,0.144444,0.192,0.511111,1.356,1.622222,1.236,1.003704,1.316,1.137037,0.919231,1.362963,1.203846,1.139286,1.207692,1.451852,1.276,1.22963,1.468,1.296296,1.4,1.284615,1.125,1.2,0.869565,1.233333,1.356,1.116,1.281481,0.923077,1.261538,1.022222,0.95,1.292593,0.862963,0.324138,0.115385
34.18312998,-118.15082,194,0.219643,0.114,0.066667,0.054,0.078846,0.038,0.067857,0.086,0.094444,0.064,0.146296,0.082,0.261111,0.376,0.716667,1.184,1.514815,1.424,1.364,1.243478,1.456,1.339583,1.296,1.391667,1.659615,1.839583,1.636,1.579167,1.542308,1.620833,1.719231,1.917308,1.834615,1.904167,1.796,1.591304,1.805556,1.672,1.358,0.87037,1.005769,1.244231,0.816667,0.836538,0.622222,0.37963,0.47069,0.192308
34.17372004,-118.17403,195,0.085714,0.064,0.090741,0.064,0.057692,0.058,0.069643,0.066,0.07037,0.094,0.062963,0.088,0.27963,0.504,1.127778,1.356,1.52963,1.698,1.753704,1.642,1.627778,1.507692,1.562963,1.45,1.221429,1.207692,1.233333,1.206,1.040741,1.35,1.159259,1.109615,1.169231,1.383333,1.318,1.25,1.288889,1.35,1.338,1.298148,1.548077,1.428846,1.537037,1.590385,1.442593,1.272222,0.448276,0.105769
34.17695001,-118.16293,196,0.2875,0.282,0.477778,0.356,0.357692,0.438,0.6,0.51,0.411111,0.372,0.22037,0.152,0.381481,0.06,0.114815,0.058,0.1,0.126,0.12963,0.074,0.138889,0.382692,0.198148,0.230769,0.135714,0.109615,0.116667,0.274,0.2,0.316,0.401852,0.292308,0.2,0.09375,0.218,0.126087,0.344444,0.17,0.158,0.242593,0.076923,0.146154,0.25,0.105769,0.127778,0.105556,0.158621,0.107692
34.16883004,-118.15069,197,0.1,0.056,0.2,0.18,0.161538,0.092,0.153571,0.076,0.111111,0.128,0.455556,0.104,0.233333,0.416,0.574074,1.224,1.788889,1.252,1.44,1.83913,1.796,1.572,1.622222,1.876923,1.989286,2.195833,1.528,2.104,2.007407,1.828,1.855556,1.75,1.973077,1.783333,1.876,1.76087,1.785185,1.504,1.368,1.296296,1.007692,1.357692,1.014815,1.15,0.944444,0.807407,0.713793,0.342308
34.11829999,-118.1723,198,0.1625,0.14,0.157407,0.1,0.134615,0.13,0.1375,0.122,0.153704,0.152,0.172222,0.182,0.272222,0.266,0.37963,0.992,1.005556,1.07,1.083333,1.124,1.111111,1.205769,1.087037,1.328846,1.35,1.188462,1.440741,1.222,1.261111,1.338,1.618519,1.338462,1.613462,1.4625,1.376,1.491304,1.677778,1.39,1.216,1.416667,1.255769,1.182692,1.225926,1.180769,0.97963,0.868519,0.498276,0.388462